Descrição do Item,Categoria,Valor,Data
Exemplo de serviços de manutenção - Item 1,Serviços de Manutenção,2895.13,11/02/2024
Exemplo de serviços de auditoria - Item 2,Serviços de Auditoria,4627.46,13/07/2024
Exemplo de material de escritório - Item 3,Material de Escritório,2660.37,31/10/2023
Exemplo de despesas de transporte e logística - Item 4,Despesas de Transporte e Logística,7957.02,27/07/2024
Exemplo de licenciamento de software - Item 5,Licenciamento de Software,7946.14,10/03/2024
Exemplo de mobiliário e equipamento de escritório - Item 6,Mobiliário e Equipamento de Escritório,5163.89,24/08/2024
Exemplo de mobiliário e equipamento de escritório - Item 7,Mobiliário e Equipamento de Escritório,4740.79,02/04/2024
Exemplo de serviços de marketing - Item 8,Serviços de Marketing,6059.75,11/10/2023
Exemplo de material de escritório - Item 9,Material de Escritório,966.64,16/07/2024
Exemplo de serviços de marketing - Item 10,Serviços de Marketing,9484.6,07/09/2024
Exemplo de mobiliário e equipamento de escritório - Item 11,Mobiliário e Equipamento de Escritório,5342.87,24/02/2024
Exemplo de telecomunicações - Item 12,Telecomunicações,1490.28,13/04/2024
Exemplo de serviços de marketing - Item 13,Serviços de Marketing,6698.9,08/12/2023
Exemplo de seguros - Item 14,Seguros,9641.64,12/04/2024
Exemplo de despesas de transporte e logística - Item 15,Despesas de Transporte e Logística,8709.99,30/10/2023
Exemplo de serviços de contabilidade - Item 16,Serviços de Contabilidade,4521.29,28/07/2024
Exemplo de material de escritório - Item 17,Material de Escritório,6254.4,25/11/2023
Exemplo de serviços de contabilidade - Item 18,Serviços de Contabilidade,7331.56,08/03/2024
Exemplo de serviços de marketing - Item 19,Serviços de Marketing,771.23,22/04/2024
Exemplo de mobiliário e equipamento de escritório - Item 20,Mobiliário e Equipamento de Escritório,462.12,08/10/2023
Exemplo de equipamentos informáticos - Item 21,Equipamentos Informáticos,1459.66,13/11/2023
Exemplo de energia e utilidades - Item 22,Energia e Utilidades,2834.85,28/09/2024
Exemplo de serviços de auditoria - Item 23,Serviços de Auditoria,4122.3,25/03/2024
Exemplo de mobiliário e equipamento de escritório - Item 24,Mobiliário e Equipamento de Escritório,7466.56,07/07/2024
Exemplo de seguros - Item 25,Seguros,4861.39,17/01/2024
Exemplo de material de escritório - Item 26,Material de Escritório,7419.59,27/02/2024
Exemplo de serviços de auditoria - Item 27,Serviços de Auditoria,5371.08,30/04/2024
Exemplo de despesas de transporte e logística - Item 28,Despesas de Transporte e Logística,4014.75,17/05/2024
Exemplo de telecomunicações - Item 29,Telecomunicações,2078.26,06/10/2023
Exemplo de serviços de contabilidade - Item 30,Serviços de Contabilidade,3839.41,16/02/2024
Exemplo de equipamentos informáticos - Item 31,Equipamentos Informáticos,8787.49,09/10/2023
Exemplo de despesas de transporte e logística - Item 32,Despesas de Transporte e Logística,9627.76,28/04/2024
Exemplo de mobiliário e equipamento de escritório - Item 33,Mobiliário e Equipamento de Escritório,4624.66,10/03/2024
Exemplo de serviços de consultoria - Item 34,Serviços de Consultoria,6218.76,27/06/2024
Exemplo de material de escritório - Item 35,Material de Escritório,7951.95,12/12/2023
Exemplo de seguros - Item 36,Seguros,3035.19,02/10/2024
Exemplo de serviços de auditoria - Item 37,Serviços de Auditoria,7398.65,22/07/2024
Exemplo de serviços de marketing - Item 38,Serviços de Marketing,7530.84,06/02/2024
Exemplo de serviços de marketing - Item 39,Serviços de Marketing,1935.12,21/01/2024
Exemplo de serviços de marketing - Item 40,Serviços de Marketing,8154.83,25/12/2023
Exemplo de serviços de marketing - Item 41,Serviços de Marketing,2528.25,13/01/2024
Exemplo de energia e utilidades - Item 42,Energia e Utilidades,3571.76,08/05/2024
Exemplo de formação e desenvolvimento - Item 43,Formação e Desenvolvimento,2213.54,17/05/2024
Exemplo de material de escritório - Item 44,Material de Escritório,2526.49,08/11/2023
Exemplo de licenciamento de software - Item 45,Licenciamento de Software,5893.95,15/04/2024
Exemplo de serviços jurídicos - Item 46,Serviços Jurídicos,9693.76,04/09/2024
Exemplo de seguros - Item 47,Seguros,1745.28,04/09/2024
Exemplo de energia e utilidades - Item 48,Energia e Utilidades,4406.44,15/09/2024
Exemplo de equipamentos informáticos - Item 49,Equipamentos Informáticos,4955.66,21/11/2023
Exemplo de serviços de auditoria - Item 50,Serviços de Auditoria,7149.58,25/10/2023
Exemplo de equipamentos informáticos - Item 51,Equipamentos Informáticos,4287.9,15/09/2024
Exemplo de telecomunicações - Item 52,Telecomunicações,6497.48,12/12/2023
Exemplo de mobiliário e equipamento de escritório - Item 53,Mobiliário e Equipamento de Escritório,1860.73,06/01/2024
Exemplo de energia e utilidades - Item 54,Energia e Utilidades,6637.44,22/03/2024
Exemplo de despesas de transporte e logística - Item 55,Despesas de Transporte e Logística,861.2,11/12/2023
Exemplo de mobiliário e equipamento de escritório - Item 56,Mobiliário e Equipamento de Escritório,2816.42,10/01/2024
Exemplo de energia e utilidades - Item 57,Energia e Utilidades,8369.2,25/08/2024
Exemplo de energia e utilidades - Item 58,Energia e Utilidades,1947.42,20/06/2024
Exemplo de serviços de auditoria - Item 59,Serviços de Auditoria,7626.98,22/01/2024
Exemplo de despesas de transporte e logística - Item 60,Despesas de Transporte e Logística,2904.42,22/05/2024
Exemplo de formação e desenvolvimento - Item 61,Formação e Desenvolvimento,1583.81,21/02/2024
Exemplo de mobiliário e equipamento de escritório - Item 62,Mobiliário e Equipamento de Escritório,2597.83,27/11/2023
Exemplo de equipamentos informáticos - Item 63,Equipamentos Informáticos,180.85,19/04/2024
Exemplo de serviços de manutenção - Item 64,Serviços de Manutenção,6885.04,11/09/2024
Exemplo de serviços jurídicos - Item 65,Serviços Jurídicos,5720.43,20/11/2023
Exemplo de serviços de manutenção - Item 66,Serviços de Manutenção,4241.49,07/04/2024
Exemplo de serviços de marketing - Item 67,Serviços de Marketing,9328.34,12/08/2024
Exemplo de serviços jurídicos - Item 68,Serviços Jurídicos,2223.83,03/10/2024
Exemplo de formação e desenvolvimento - Item 69,Formação e Desenvolvimento,1198.29,08/06/2024
Exemplo de equipamentos informáticos - Item 70,Equipamentos Informáticos,8337.63,16/12/2023
Exemplo de seguros - Item 71,Seguros,9421.92,07/09/2024
Exemplo de serviços de manutenção - Item 72,Serviços de Manutenção,2597.9,02/04/2024
Exemplo de seguros - Item 73,Seguros,4508.55,13/07/2024
Exemplo de formação e desenvolvimento - Item 74,Formação e Desenvolvimento,2490.49,15/08/2024
Exemplo de material de escritório - Item 75,Material de Escritório,6919.55,20/01/2024
Exemplo de material de escritório - Item 76,Material de Escritório,6193.62,17/10/2023
Exemplo de serviços jurídicos - Item 77,Serviços Jurídicos,1750.1,31/07/2024
Exemplo de mobiliário e equipamento de escritório - Item 78,Mobiliário e Equipamento de Escritório,743.26,29/09/2024
Exemplo de serviços jurídicos - Item 79,Serviços Jurídicos,5307.94,04/07/2024
Exemplo de serviços jurídicos - Item 80,Serviços Jurídicos,5171.05,18/03/2024
Exemplo de serviços de consultoria - Item 81,Serviços de Consultoria,2484.1,05/03/2024
Exemplo de serviços de auditoria - Item 82,Serviços de Auditoria,1460.11,23/07/2024
Exemplo de telecomunicações - Item 83,Telecomunicações,8111.82,05/02/2024
Exemplo de seguros - Item 84,Seguros,4348.11,18/09/2024
Exemplo de formação e desenvolvimento - Item 85,Formação e Desenvolvimento,7398.08,21/05/2024
Exemplo de mobiliário e equipamento de escritório - Item 86,Mobiliário e Equipamento de Escritório,3792.92,23/09/2024
Exemplo de serviços de manutenção - Item 87,Serviços de Manutenção,4617.1,14/08/2024
Exemplo de mobiliário e equipamento de escritório - Item 88,Mobiliário e Equipamento de Escritório,788.95,16/12/2023
Exemplo de serviços de contabilidade - Item 89,Serviços de Contabilidade,5922.31,29/02/2024
Exemplo de serviços jurídicos - Item 90,Serviços Jurídicos,5422.25,31/10/2023
Exemplo de energia e utilidades - Item 91,Energia e Utilidades,1677.65,20/11/2023
Exemplo de serviços de manutenção - Item 92,Serviços de Manutenção,2027.89,02/08/2024
Exemplo de material de escritório - Item 93,Material de Escritório,740.55,06/06/2024
Exemplo de despesas de transporte e logística - Item 94,Despesas de Transporte e Logística,9596.91,20/06/2024
Exemplo de serviços de consultoria - Item 95,Serviços de Consultoria,5281.79,15/03/2024
Exemplo de energia e utilidades - Item 96,Energia e Utilidades,2933.04,21/12/2023
Exemplo de seguros - Item 97,Seguros,4686.61,29/11/2023
Exemplo de equipamentos informáticos - Item 98,Equipamentos Informáticos,1128.87,31/07/2024
Exemplo de serviços de contabilidade - Item 99,Serviços de Contabilidade,7556.78,28/08/2024
Exemplo de despesas de transporte e logística - Item 100,Despesas de Transporte e Logística,167.01,22/11/2023
Exemplo de serviços de consultoria - Item 101,Serviços de Consultoria,236.81,19/06/2024
Exemplo de energia e utilidades - Item 102,Energia e Utilidades,7293.21,04/03/2024
Exemplo de serviços de marketing - Item 103,Serviços de Marketing,4202.76,28/02/2024
Exemplo de serviços de manutenção - Item 104,Serviços de Manutenção,9133.41,21/08/2024
Exemplo de despesas de transporte e logística - Item 105,Despesas de Transporte e Logística,8933.71,03/03/2024
Exemplo de serviços de consultoria - Item 106,Serviços de Consultoria,2632.85,20/07/2024
Exemplo de telecomunicações - Item 107,Telecomunicações,8271.77,08/10/2023
Exemplo de equipamentos informáticos - Item 108,Equipamentos Informáticos,4189.35,07/10/2023
Exemplo de serviços de consultoria - Item 109,Serviços de Consultoria,5294.63,06/07/2024
Exemplo de telecomunicações - Item 110,Telecomunicações,3793.62,13/10/2023
Exemplo de serviços jurídicos - Item 111,Serviços Jurídicos,5255.83,31/05/2024
Exemplo de serviços de auditoria - Item 112,Serviços de Auditoria,465.58,01/07/2024
Exemplo de despesas de transporte e logística - Item 113,Despesas de Transporte e Logística,2581.5,20/01/2024
Exemplo de mobiliário e equipamento de escritório - Item 114,Mobiliário e Equipamento de Escritório,425.48,23/01/2024
Exemplo de serviços jurídicos - Item 115,Serviços Jurídicos,5258.1,18/10/2023
Exemplo de despesas de transporte e logística - Item 116,Despesas de Transporte e Logística,2657.29,04/01/2024
Exemplo de serviços de auditoria - Item 117,Serviços de Auditoria,4419.02,02/11/2023
Exemplo de serviços de contabilidade - Item 118,Serviços de Contabilidade,3705.7,12/05/2024
Exemplo de telecomunicações - Item 119,Telecomunicações,8577.13,07/02/2024
Exemplo de serviços de consultoria - Item 120,Serviços de Consultoria,3271.83,08/06/2024
Exemplo de despesas de transporte e logística - Item 121,Despesas de Transporte e Logística,4661.5,03/07/2024
Exemplo de serviços jurídicos - Item 122,Serviços Jurídicos,5671.92,08/01/2024
Exemplo de serviços de consultoria - Item 123,Serviços de Consultoria,4066.65,01/03/2024
Exemplo de serviços de marketing - Item 124,Serviços de Marketing,6277.2,18/03/2024
Exemplo de serviços de marketing - Item 125,Serviços de Marketing,7956.89,15/03/2024
Exemplo de energia e utilidades - Item 126,Energia e Utilidades,7538.03,20/03/2024
Exemplo de serviços de consultoria - Item 127,Serviços de Consultoria,4893.09,22/04/2024
Exemplo de serviços de contabilidade - Item 128,Serviços de Contabilidade,6321.75,16/09/2024
Exemplo de serviços de contabilidade - Item 129,Serviços de Contabilidade,5378.1,19/10/2023
Exemplo de despesas de transporte e logística - Item 130,Despesas de Transporte e Logística,890.61,01/03/2024
Exemplo de serviços de consultoria - Item 131,Serviços de Consultoria,7710.23,15/05/2024
Exemplo de mobiliário e equipamento de escritório - Item 132,Mobiliário e Equipamento de Escritório,5697.21,03/05/2024
Exemplo de serviços de marketing - Item 133,Serviços de Marketing,4621.86,06/03/2024
Exemplo de mobiliário e equipamento de escritório - Item 134,Mobiliário e Equipamento de Escritório,1002.14,31/10/2023
Exemplo de serviços de marketing - Item 135,Serviços de Marketing,4168.72,14/12/2023
Exemplo de serviços de auditoria - Item 136,Serviços de Auditoria,6987.13,01/02/2024
Exemplo de seguros - Item 137,Seguros,5034.0,20/10/2023
Exemplo de equipamentos informáticos - Item 138,Equipamentos Informáticos,2986.32,12/07/2024
Exemplo de serviços de consultoria - Item 139,Serviços de Consultoria,7389.49,12/05/2024
Exemplo de equipamentos informáticos - Item 140,Equipamentos Informáticos,4778.91,15/11/2023
Exemplo de serviços de manutenção - Item 141,Serviços de Manutenção,6327.81,15/03/2024
Exemplo de equipamentos informáticos - Item 142,Equipamentos Informáticos,250.29,02/02/2024
Exemplo de material de escritório - Item 143,Material de Escritório,6030.36,11/04/2024
Exemplo de telecomunicações - Item 144,Telecomunicações,2342.36,22/10/2023
Exemplo de serviços jurídicos - Item 145,Serviços Jurídicos,3841.26,29/03/2024
Exemplo de serviços de manutenção - Item 146,Serviços de Manutenção,7939.01,19/09/2024
Exemplo de serviços de auditoria - Item 147,Serviços de Auditoria,3869.02,07/07/2024
Exemplo de telecomunicações - Item 148,Telecomunicações,4253.91,19/02/2024
Exemplo de serviços de manutenção - Item 149,Serviços de Manutenção,4020.75,01/04/2024
Exemplo de energia e utilidades - Item 150,Energia e Utilidades,8034.21,13/05/2024
Exemplo de energia e utilidades - Item 151,Energia e Utilidades,9954.97,28/04/2024
Exemplo de serviços de consultoria - Item 152,Serviços de Consultoria,6460.72,03/07/2024
Exemplo de material de escritório - Item 153,Material de Escritório,9163.11,26/04/2024
Exemplo de serviços de marketing - Item 154,Serviços de Marketing,7558.15,29/10/2023
Exemplo de material de escritório - Item 155,Material de Escritório,6400.69,03/12/2023
Exemplo de despesas de transporte e logística - Item 156,Despesas de Transporte e Logística,8834.11,01/05/2024
Exemplo de licenciamento de software - Item 157,Licenciamento de Software,8521.27,19/11/2023
Exemplo de material de escritório - Item 158,Material de Escritório,7370.81,10/12/2023
Exemplo de material de escritório - Item 159,Material de Escritório,1274.82,26/06/2024
Exemplo de equipamentos informáticos - Item 160,Equipamentos Informáticos,7495.69,22/04/2024
Exemplo de equipamentos informáticos - Item 161,Equipamentos Informáticos,8643.7,28/11/2023
Exemplo de serviços de marketing - Item 162,Serviços de Marketing,2343.51,11/01/2024
Exemplo de serviços jurídicos - Item 163,Serviços Jurídicos,5906.26,12/02/2024
Exemplo de serviços de contabilidade - Item 164,Serviços de Contabilidade,5035.53,20/08/2024
Exemplo de serviços de marketing - Item 165,Serviços de Marketing,1363.1,19/09/2024
Exemplo de equipamentos informáticos - Item 166,Equipamentos Informáticos,655.31,27/07/2024
Exemplo de serviços de contabilidade - Item 167,Serviços de Contabilidade,8552.96,19/04/2024
Exemplo de serviços de marketing - Item 168,Serviços de Marketing,7689.37,26/07/2024
Exemplo de serviços de auditoria - Item 169,Serviços de Auditoria,8190.97,06/10/2023
Exemplo de serviços jurídicos - Item 170,Serviços Jurídicos,1266.54,25/04/2024
Exemplo de serviços de consultoria - Item 171,Serviços de Consultoria,9946.17,27/11/2023
Exemplo de serviços jurídicos - Item 172,Serviços Jurídicos,4084.03,24/07/2024
Exemplo de serviços de contabilidade - Item 173,Serviços de Contabilidade,7665.52,07/05/2024
Exemplo de serviços de auditoria - Item 174,Serviços de Auditoria,7480.96,19/04/2024
Exemplo de equipamentos informáticos - Item 175,Equipamentos Informáticos,332.61,07/03/2024
Exemplo de energia e utilidades - Item 176,Energia e Utilidades,4623.97,22/11/2023
Exemplo de equipamentos informáticos - Item 177,Equipamentos Informáticos,6759.26,25/10/2023
Exemplo de despesas de transporte e logística - Item 178,Despesas de Transporte e Logística,487.31,24/12/2023
Exemplo de energia e utilidades - Item 179,Energia e Utilidades,5949.57,26/04/2024
Exemplo de serviços de consultoria - Item 180,Serviços de Consultoria,7670.77,27/05/2024
Exemplo de energia e utilidades - Item 181,Energia e Utilidades,6741.69,08/05/2024
Exemplo de serviços jurídicos - Item 182,Serviços Jurídicos,2681.89,04/11/2023
Exemplo de telecomunicações - Item 183,Telecomunicações,2043.29,09/03/2024
Exemplo de energia e utilidades - Item 184,Energia e Utilidades,6367.97,24/10/2023
Exemplo de serviços de contabilidade - Item 185,Serviços de Contabilidade,9918.8,13/05/2024
Exemplo de formação e desenvolvimento - Item 186,Formação e Desenvolvimento,3918.39,25/05/2024
Exemplo de mobiliário e equipamento de escritório - Item 187,Mobiliário e Equipamento de Escritório,7227.82,04/07/2024
Exemplo de serviços de contabilidade - Item 188,Serviços de Contabilidade,1982.24,24/11/2023
Exemplo de serviços de contabilidade - Item 189,Serviços de Contabilidade,1850.52,16/09/2024
Exemplo de material de escritório - Item 190,Material de Escritório,8431.53,22/07/2024
Exemplo de licenciamento de software - Item 191,Licenciamento de Software,205.7,19/06/2024
Exemplo de despesas de transporte e logística - Item 192,Despesas de Transporte e Logística,693.01,09/01/2024
Exemplo de energia e utilidades - Item 193,Energia e Utilidades,1568.11,26/11/2023
Exemplo de energia e utilidades - Item 194,Energia e Utilidades,187.87,21/11/2023
Exemplo de equipamentos informáticos - Item 195,Equipamentos Informáticos,5140.07,22/11/2023
Exemplo de formação e desenvolvimento - Item 196,Formação e Desenvolvimento,5970.25,05/12/2023
Exemplo de equipamentos informáticos - Item 197,Equipamentos Informáticos,5786.75,09/02/2024
Exemplo de formação e desenvolvimento - Item 198,Formação e Desenvolvimento,3092.69,08/09/2024
Exemplo de licenciamento de software - Item 199,Licenciamento de Software,6483.82,07/04/2024
Exemplo de energia e utilidades - Item 200,Energia e Utilidades,7556.28,08/05/2024
Exemplo de mobiliário e equipamento de escritório - Item 201,Mobiliário e Equipamento de Escritório,6034.28,26/02/2024
Exemplo de formação e desenvolvimento - Item 202,Formação e Desenvolvimento,1901.76,13/12/2023
Exemplo de seguros - Item 203,Seguros,7664.87,22/12/2023
Exemplo de formação e desenvolvimento - Item 204,Formação e Desenvolvimento,4072.4,09/08/2024
Exemplo de serviços de contabilidade - Item 205,Serviços de Contabilidade,8985.46,05/08/2024
Exemplo de serviços de manutenção - Item 206,Serviços de Manutenção,4252.94,12/11/2023
Exemplo de telecomunicações - Item 207,Telecomunicações,1543.21,05/03/2024
Exemplo de seguros - Item 208,Seguros,1049.27,16/08/2024
Exemplo de serviços de consultoria - Item 209,Serviços de Consultoria,931.61,25/10/2023
Exemplo de serviços jurídicos - Item 210,Serviços Jurídicos,8123.22,20/12/2023
Exemplo de formação e desenvolvimento - Item 211,Formação e Desenvolvimento,822.19,02/02/2024
Exemplo de serviços jurídicos - Item 212,Serviços Jurídicos,8598.39,10/04/2024
Exemplo de serviços de auditoria - Item 213,Serviços de Auditoria,3121.47,23/10/2023
Exemplo de energia e utilidades - Item 214,Energia e Utilidades,408.68,20/09/2024
Exemplo de formação e desenvolvimento - Item 215,Formação e Desenvolvimento,9111.14,21/12/2023
Exemplo de despesas de transporte e logística - Item 216,Despesas de Transporte e Logística,3988.83,25/01/2024
Exemplo de mobiliário e equipamento de escritório - Item 217,Mobiliário e Equipamento de Escritório,7874.43,03/11/2023
Exemplo de seguros - Item 218,Seguros,4463.22,16/02/2024
Exemplo de equipamentos informáticos - Item 219,Equipamentos Informáticos,8091.52,23/10/2023
Exemplo de serviços de auditoria - Item 220,Serviços de Auditoria,4456.5,26/09/2024
Exemplo de serviços jurídicos - Item 221,Serviços Jurídicos,5522.89,22/05/2024
Exemplo de serviços de auditoria - Item 222,Serviços de Auditoria,413.57,06/06/2024
Exemplo de licenciamento de software - Item 223,Licenciamento de Software,7648.75,12/12/2023
Exemplo de serviços de consultoria - Item 224,Serviços de Consultoria,992.33,12/12/2023
Exemplo de despesas de transporte e logística - Item 225,Despesas de Transporte e Logística,9026.35,07/08/2024
Exemplo de serviços de manutenção - Item 226,Serviços de Manutenção,5960.02,15/06/2024
Exemplo de despesas de transporte e logística - Item 227,Despesas de Transporte e Logística,4780.43,18/07/2024
Exemplo de serviços de contabilidade - Item 228,Serviços de Contabilidade,3237.21,13/07/2024
Exemplo de telecomunicações - Item 229,Telecomunicações,7626.62,29/12/2023
Exemplo de despesas de transporte e logística - Item 230,Despesas de Transporte e Logística,8647.37,21/11/2023
Exemplo de serviços jurídicos - Item 231,Serviços Jurídicos,7604.97,20/01/2024
Exemplo de telecomunicações - Item 232,Telecomunicações,4575.57,30/09/2024
Exemplo de serviços de contabilidade - Item 233,Serviços de Contabilidade,7066.85,15/01/2024
Exemplo de telecomunicações - Item 234,Telecomunicações,7951.29,05/09/2024
Exemplo de serviços de contabilidade - Item 235,Serviços de Contabilidade,7529.5,07/06/2024
Exemplo de serviços de contabilidade - Item 236,Serviços de Contabilidade,7493.66,16/05/2024
Exemplo de serviços jurídicos - Item 237,Serviços Jurídicos,3454.64,31/01/2024
Exemplo de serviços jurídicos - Item 238,Serviços Jurídicos,5944.46,22/08/2024
Exemplo de equipamentos informáticos - Item 239,Equipamentos Informáticos,7015.41,03/12/2023
Exemplo de energia e utilidades - Item 240,Energia e Utilidades,4602.89,21/03/2024
Exemplo de formação e desenvolvimento - Item 241,Formação e Desenvolvimento,8459.03,08/04/2024
Exemplo de telecomunicações - Item 242,Telecomunicações,4298.25,21/04/2024
Exemplo de serviços de marketing - Item 243,Serviços de Marketing,8059.9,11/04/2024
Exemplo de formação e desenvolvimento - Item 244,Formação e Desenvolvimento,1315.33,31/10/2023
Exemplo de serviços de consultoria - Item 245,Serviços de Consultoria,1168.5,06/10/2023
Exemplo de material de escritório - Item 246,Material de Escritório,8133.57,15/05/2024
Exemplo de serviços de auditoria - Item 247,Serviços de Auditoria,6630.59,24/07/2024
Exemplo de despesas de transporte e logística - Item 248,Despesas de Transporte e Logística,2738.2,10/02/2024
Exemplo de serviços de contabilidade - Item 249,Serviços de Contabilidade,1891.55,06/09/2024
Exemplo de equipamentos informáticos - Item 250,Equipamentos Informáticos,7864.43,23/11/2023
Exemplo de material de escritório - Item 251,Material de Escritório,6896.6,27/01/2024
Exemplo de serviços de consultoria - Item 252,Serviços de Consultoria,2498.23,24/12/2023
Exemplo de material de escritório - Item 253,Material de Escritório,1383.6,13/12/2023
Exemplo de serviços de consultoria - Item 254,Serviços de Consultoria,1746.64,17/01/2024
Exemplo de seguros - Item 255,Seguros,4677.39,14/05/2024
Exemplo de telecomunicações - Item 256,Telecomunicações,7232.04,02/08/2024
Exemplo de equipamentos informáticos - Item 257,Equipamentos Informáticos,305.73,22/09/2024
Exemplo de serviços de auditoria - Item 258,Serviços de Auditoria,9369.29,07/07/2024
Exemplo de mobiliário e equipamento de escritório - Item 259,Mobiliário e Equipamento de Escritório,6919.45,13/06/2024
Exemplo de energia e utilidades - Item 260,Energia e Utilidades,4317.23,18/02/2024
Exemplo de despesas de transporte e logística - Item 261,Despesas de Transporte e Logística,3062.6,24/11/2023
Exemplo de mobiliário e equipamento de escritório - Item 262,Mobiliário e Equipamento de Escritório,2053.9,12/03/2024
Exemplo de licenciamento de software - Item 263,Licenciamento de Software,215.37,12/05/2024
Exemplo de energia e utilidades - Item 264,Energia e Utilidades,8229.38,01/02/2024
Exemplo de formação e desenvolvimento - Item 265,Formação e Desenvolvimento,8520.14,10/07/2024
Exemplo de serviços de auditoria - Item 266,Serviços de Auditoria,6026.62,13/11/2023
Exemplo de serviços jurídicos - Item 267,Serviços Jurídicos,693.73,01/01/2024
Exemplo de energia e utilidades - Item 268,Energia e Utilidades,6251.13,09/11/2023
Exemplo de serviços de marketing - Item 269,Serviços de Marketing,8705.69,07/03/2024
Exemplo de serviços de auditoria - Item 270,Serviços de Auditoria,7604.84,13/09/2024
Exemplo de serviços de contabilidade - Item 271,Serviços de Contabilidade,3789.59,24/10/2023
Exemplo de serviços de contabilidade - Item 272,Serviços de Contabilidade,3384.37,13/08/2024
Exemplo de serviços de auditoria - Item 273,Serviços de Auditoria,7204.36,30/04/2024
Exemplo de energia e utilidades - Item 274,Energia e Utilidades,1934.1,01/06/2024
Exemplo de serviços de auditoria - Item 275,Serviços de Auditoria,1753.06,23/09/2024
Exemplo de seguros - Item 276,Seguros,4116.38,27/04/2024
Exemplo de mobiliário e equipamento de escritório - Item 277,Mobiliário e Equipamento de Escritório,2614.79,22/10/2023
Exemplo de serviços de consultoria - Item 278,Serviços de Consultoria,4826.71,14/02/2024
Exemplo de despesas de transporte e logística - Item 279,Despesas de Transporte e Logística,7970.13,03/11/2023
Exemplo de seguros - Item 280,Seguros,5746.42,29/08/2024
Exemplo de serviços de manutenção - Item 281,Serviços de Manutenção,5878.15,03/06/2024
Exemplo de energia e utilidades - Item 282,Energia e Utilidades,9173.8,06/09/2024
Exemplo de material de escritório - Item 283,Material de Escritório,9286.32,10/08/2024
Exemplo de telecomunicações - Item 284,Telecomunicações,3386.68,27/12/2023
Exemplo de mobiliário e equipamento de escritório - Item 285,Mobiliário e Equipamento de Escritório,4309.92,15/05/2024
Exemplo de seguros - Item 286,Seguros,4375.67,06/10/2023
Exemplo de seguros - Item 287,Seguros,1615.87,01/06/2024
Exemplo de seguros - Item 288,Seguros,3256.76,07/04/2024
Exemplo de mobiliário e equipamento de escritório - Item 289,Mobiliário e Equipamento de Escritório,139.71,03/02/2024
Exemplo de telecomunicações - Item 290,Telecomunicações,6015.88,22/07/2024
Exemplo de mobiliário e equipamento de escritório - Item 291,Mobiliário e Equipamento de Escritório,1530.14,04/05/2024
Exemplo de seguros - Item 292,Seguros,1681.72,18/11/2023
Exemplo de equipamentos informáticos - Item 293,Equipamentos Informáticos,3980.24,09/03/2024
Exemplo de serviços de marketing - Item 294,Serviços de Marketing,357.65,24/03/2024
Exemplo de telecomunicações - Item 295,Telecomunicações,718.57,16/10/2023
Exemplo de licenciamento de software - Item 296,Licenciamento de Software,3143.31,13/12/2023
Exemplo de mobiliário e equipamento de escritório - Item 297,Mobiliário e Equipamento de Escritório,3371.29,11/04/2024
Exemplo de serviços de contabilidade - Item 298,Serviços de Contabilidade,5791.09,19/09/2024
Exemplo de serviços de consultoria - Item 299,Serviços de Consultoria,3293.39,30/12/2023
Exemplo de equipamentos informáticos - Item 300,Equipamentos Informáticos,6238.21,07/05/2024
Exemplo de telecomunicações - Item 301,Telecomunicações,4385.11,21/12/2023
Exemplo de serviços de auditoria - Item 302,Serviços de Auditoria,4456.62,19/12/2023
Exemplo de seguros - Item 303,Seguros,8056.85,11/01/2024
Exemplo de serviços de contabilidade - Item 304,Serviços de Contabilidade,8955.64,30/01/2024
Exemplo de telecomunicações - Item 305,Telecomunicações,6657.45,21/06/2024
Exemplo de licenciamento de software - Item 306,Licenciamento de Software,7649.04,16/03/2024
Exemplo de equipamentos informáticos - Item 307,Equipamentos Informáticos,2892.78,24/09/2024
Exemplo de serviços jurídicos - Item 308,Serviços Jurídicos,2362.52,12/08/2024
Exemplo de serviços de marketing - Item 309,Serviços de Marketing,9857.49,21/12/2023
Exemplo de telecomunicações - Item 310,Telecomunicações,2668.32,12/09/2024
Exemplo de serviços de auditoria - Item 311,Serviços de Auditoria,3613.97,20/12/2023
Exemplo de serviços de auditoria - Item 312,Serviços de Auditoria,4944.97,07/10/2023
Exemplo de serviços de marketing - Item 313,Serviços de Marketing,9007.03,01/04/2024
Exemplo de material de escritório - Item 314,Material de Escritório,523.8,20/08/2024
Exemplo de licenciamento de software - Item 315,Licenciamento de Software,1059.14,21/10/2023
Exemplo de serviços de consultoria - Item 316,Serviços de Consultoria,6473.09,21/04/2024
Exemplo de serviços de marketing - Item 317,Serviços de Marketing,4431.65,09/01/2024
Exemplo de telecomunicações - Item 318,Telecomunicações,3331.94,30/03/2024
Exemplo de serviços de consultoria - Item 319,Serviços de Consultoria,742.06,14/05/2024
Exemplo de equipamentos informáticos - Item 320,Equipamentos Informáticos,680.16,05/03/2024
Exemplo de serviços de marketing - Item 321,Serviços de Marketing,2878.92,14/07/2024
Exemplo de serviços de consultoria - Item 322,Serviços de Consultoria,9177.83,20/09/2024
Exemplo de serviços de auditoria - Item 323,Serviços de Auditoria,946.17,28/06/2024
Exemplo de telecomunicações - Item 324,Telecomunicações,6520.88,01/05/2024
Exemplo de equipamentos informáticos - Item 325,Equipamentos Informáticos,3497.95,05/03/2024
Exemplo de despesas de transporte e logística - Item 326,Despesas de Transporte e Logística,5770.25,20/11/2023
Exemplo de material de escritório - Item 327,Material de Escritório,7823.78,03/06/2024
Exemplo de material de escritório - Item 328,Material de Escritório,4786.0,20/03/2024
Exemplo de serviços jurídicos - Item 329,Serviços Jurídicos,7116.22,08/07/2024
Exemplo de serviços de contabilidade - Item 330,Serviços de Contabilidade,8142.23,03/11/2023
Exemplo de licenciamento de software - Item 331,Licenciamento de Software,619.84,24/08/2024
Exemplo de formação e desenvolvimento - Item 332,Formação e Desenvolvimento,9588.81,28/10/2023
Exemplo de despesas de transporte e logística - Item 333,Despesas de Transporte e Logística,410.65,05/09/2024
Exemplo de serviços de marketing - Item 334,Serviços de Marketing,8603.26,03/11/2023
Exemplo de serviços de auditoria - Item 335,Serviços de Auditoria,4057.29,28/02/2024
Exemplo de material de escritório - Item 336,Material de Escritório,8535.85,10/07/2024
Exemplo de serviços jurídicos - Item 337,Serviços Jurídicos,6043.23,03/06/2024
Exemplo de equipamentos informáticos - Item 338,Equipamentos Informáticos,5974.43,28/12/2023
Exemplo de equipamentos informáticos - Item 339,Equipamentos Informáticos,3273.79,25/08/2024
Exemplo de serviços de auditoria - Item 340,Serviços de Auditoria,7755.72,21/05/2024
Exemplo de serviços de contabilidade - Item 341,Serviços de Contabilidade,3853.99,13/09/2024
Exemplo de serviços de marketing - Item 342,Serviços de Marketing,6410.08,02/03/2024
Exemplo de serviços de consultoria - Item 343,Serviços de Consultoria,4273.23,12/06/2024
Exemplo de despesas de transporte e logística - Item 344,Despesas de Transporte e Logística,921.12,25/03/2024
Exemplo de energia e utilidades - Item 345,Energia e Utilidades,5849.91,19/10/2023
Exemplo de formação e desenvolvimento - Item 346,Formação e Desenvolvimento,1879.98,30/03/2024
Exemplo de mobiliário e equipamento de escritório - Item 347,Mobiliário e Equipamento de Escritório,3040.74,06/03/2024
Exemplo de serviços de contabilidade - Item 348,Serviços de Contabilidade,6483.27,30/06/2024
Exemplo de serviços de consultoria - Item 349,Serviços de Consultoria,6687.93,14/03/2024
Exemplo de formação e desenvolvimento - Item 350,Formação e Desenvolvimento,7921.12,23/09/2024
Exemplo de serviços de marketing - Item 351,Serviços de Marketing,2982.27,10/07/2024
Exemplo de serviços de marketing - Item 352,Serviços de Marketing,4630.46,22/07/2024
Exemplo de equipamentos informáticos - Item 353,Equipamentos Informáticos,1943.4,12/06/2024
Exemplo de energia e utilidades - Item 354,Energia e Utilidades,6784.76,02/09/2024
Exemplo de serviços de manutenção - Item 355,Serviços de Manutenção,6567.16,25/12/2023
Exemplo de licenciamento de software - Item 356,Licenciamento de Software,3985.72,09/08/2024
Exemplo de energia e utilidades - Item 357,Energia e Utilidades,3584.89,17/02/2024
Exemplo de despesas de transporte e logística - Item 358,Despesas de Transporte e Logística,6269.07,09/03/2024
Exemplo de serviços de consultoria - Item 359,Serviços de Consultoria,9500.27,23/04/2024
Exemplo de serviços de contabilidade - Item 360,Serviços de Contabilidade,9971.66,06/02/2024
Exemplo de material de escritório - Item 361,Material de Escritório,874.99,10/11/2023
Exemplo de energia e utilidades - Item 362,Energia e Utilidades,441.31,15/02/2024
Exemplo de seguros - Item 363,Seguros,8833.11,30/11/2023
Exemplo de licenciamento de software - Item 364,Licenciamento de Software,7597.13,13/01/2024
Exemplo de serviços de consultoria - Item 365,Serviços de Consultoria,6199.01,19/07/2024
Exemplo de serviços de manutenção - Item 366,Serviços de Manutenção,9537.37,21/05/2024
Exemplo de telecomunicações - Item 367,Telecomunicações,1673.99,13/09/2024
Exemplo de serviços de marketing - Item 368,Serviços de Marketing,1300.87,22/01/2024
Exemplo de serviços de consultoria - Item 369,Serviços de Consultoria,1137.35,14/10/2023
Exemplo de serviços de marketing - Item 370,Serviços de Marketing,8737.21,19/01/2024
Exemplo de mobiliário e equipamento de escritório - Item 371,Mobiliário e Equipamento de Escritório,1589.86,10/04/2024
Exemplo de equipamentos informáticos - Item 372,Equipamentos Informáticos,9826.76,18/07/2024
Exemplo de serviços de marketing - Item 373,Serviços de Marketing,8902.84,05/08/2024
Exemplo de licenciamento de software - Item 374,Licenciamento de Software,5496.87,21/01/2024
Exemplo de serviços de contabilidade - Item 375,Serviços de Contabilidade,5392.19,04/07/2024
Exemplo de mobiliário e equipamento de escritório - Item 376,Mobiliário e Equipamento de Escritório,9735.86,26/04/2024
Exemplo de mobiliário e equipamento de escritório - Item 377,Mobiliário e Equipamento de Escritório,282.47,13/10/2023
Exemplo de formação e desenvolvimento - Item 378,Formação e Desenvolvimento,7472.89,16/12/2023
Exemplo de despesas de transporte e logística - Item 379,Despesas de Transporte e Logística,9401.81,04/11/2023
Exemplo de material de escritório - Item 380,Material de Escritório,316.77,21/08/2024
Exemplo de material de escritório - Item 381,Material de Escritório,8974.74,31/07/2024
Exemplo de licenciamento de software - Item 382,Licenciamento de Software,7808.69,25/06/2024
Exemplo de material de escritório - Item 383,Material de Escritório,7899.48,23/10/2023
Exemplo de serviços de consultoria - Item 384,Serviços de Consultoria,6594.99,08/03/2024
Exemplo de telecomunicações - Item 385,Telecomunicações,7986.93,23/04/2024
Exemplo de despesas de transporte e logística - Item 386,Despesas de Transporte e Logística,109.15,30/04/2024
Exemplo de serviços jurídicos - Item 387,Serviços Jurídicos,3852.68,13/04/2024
Exemplo de mobiliário e equipamento de escritório - Item 388,Mobiliário e Equipamento de Escritório,8585.66,17/10/2023
Exemplo de material de escritório - Item 389,Material de Escritório,530.96,30/12/2023
Exemplo de despesas de transporte e logística - Item 390,Despesas de Transporte e Logística,3458.95,26/05/2024
Exemplo de formação e desenvolvimento - Item 391,Formação e Desenvolvimento,8383.87,26/09/2024
Exemplo de seguros - Item 392,Seguros,4833.46,09/02/2024
Exemplo de serviços jurídicos - Item 393,Serviços Jurídicos,2933.34,04/02/2024
Exemplo de material de escritório - Item 394,Material de Escritório,2350.82,01/12/2023
Exemplo de serviços jurídicos - Item 395,Serviços Jurídicos,8923.28,05/03/2024
Exemplo de telecomunicações - Item 396,Telecomunicações,2628.58,19/01/2024
Exemplo de despesas de transporte e logística - Item 397,Despesas de Transporte e Logística,4782.99,28/04/2024
Exemplo de mobiliário e equipamento de escritório - Item 398,Mobiliário e Equipamento de Escritório,2656.86,21/09/2024
Exemplo de serviços de consultoria - Item 399,Serviços de Consultoria,2423.61,18/02/2024
Exemplo de telecomunicações - Item 400,Telecomunicações,7822.0,29/12/2023
Exemplo de serviços de marketing - Item 401,Serviços de Marketing,242.53,09/05/2024
Exemplo de material de escritório - Item 402,Material de Escritório,8503.39,30/06/2024
Exemplo de material de escritório - Item 403,Material de Escritório,2956.18,27/11/2023
Exemplo de mobiliário e equipamento de escritório - Item 404,Mobiliário e Equipamento de Escritório,5231.48,09/10/2023
Exemplo de material de escritório - Item 405,Material de Escritório,4347.78,09/12/2023
Exemplo de equipamentos informáticos - Item 406,Equipamentos Informáticos,5314.99,27/12/2023
Exemplo de serviços de auditoria - Item 407,Serviços de Auditoria,7126.79,19/04/2024
Exemplo de serviços de auditoria - Item 408,Serviços de Auditoria,2137.13,25/01/2024
Exemplo de equipamentos informáticos - Item 409,Equipamentos Informáticos,6522.05,13/09/2024
Exemplo de material de escritório - Item 410,Material de Escritório,1738.2,29/05/2024
Exemplo de serviços de consultoria - Item 411,Serviços de Consultoria,2989.31,27/02/2024
Exemplo de material de escritório - Item 412,Material de Escritório,895.16,07/08/2024
Exemplo de serviços de auditoria - Item 413,Serviços de Auditoria,1881.69,31/07/2024
Exemplo de serviços de marketing - Item 414,Serviços de Marketing,390.31,24/08/2024
Exemplo de telecomunicações - Item 415,Telecomunicações,9844.7,08/08/2024
Exemplo de formação e desenvolvimento - Item 416,Formação e Desenvolvimento,5776.15,19/07/2024
Exemplo de serviços jurídicos - Item 417,Serviços Jurídicos,4023.36,19/04/2024
Exemplo de telecomunicações - Item 418,Telecomunicações,2574.16,10/11/2023
Exemplo de seguros - Item 419,Seguros,6256.18,08/09/2024
Exemplo de despesas de transporte e logística - Item 420,Despesas de Transporte e Logística,7045.94,02/08/2024
Exemplo de telecomunicações - Item 421,Telecomunicações,9877.81,21/09/2024
Exemplo de formação e desenvolvimento - Item 422,Formação e Desenvolvimento,4099.92,20/10/2023
Exemplo de serviços jurídicos - Item 423,Serviços Jurídicos,1939.47,07/09/2024
Exemplo de energia e utilidades - Item 424,Energia e Utilidades,9418.23,06/04/2024
Exemplo de serviços de auditoria - Item 425,Serviços de Auditoria,1206.31,23/03/2024
Exemplo de licenciamento de software - Item 426,Licenciamento de Software,5981.74,24/08/2024
Exemplo de seguros - Item 427,Seguros,229.29,09/03/2024
Exemplo de serviços de auditoria - Item 428,Serviços de Auditoria,8846.24,06/01/2024
Exemplo de serviços de auditoria - Item 429,Serviços de Auditoria,7198.51,02/05/2024
Exemplo de energia e utilidades - Item 430,Energia e Utilidades,7552.46,20/07/2024
Exemplo de telecomunicações - Item 431,Telecomunicações,3974.01,15/09/2024
Exemplo de serviços de auditoria - Item 432,Serviços de Auditoria,730.89,24/12/2023
Exemplo de serviços de manutenção - Item 433,Serviços de Manutenção,6136.51,26/03/2024
Exemplo de mobiliário e equipamento de escritório - Item 434,Mobiliário e Equipamento de Escritório,1636.34,02/01/2024
Exemplo de telecomunicações - Item 435,Telecomunicações,4755.11,02/08/2024
Exemplo de material de escritório - Item 436,Material de Escritório,3488.62,16/12/2023
Exemplo de despesas de transporte e logística - Item 437,Despesas de Transporte e Logística,7935.69,04/12/2023
Exemplo de mobiliário e equipamento de escritório - Item 438,Mobiliário e Equipamento de Escritório,6684.54,04/08/2024
Exemplo de serviços de auditoria - Item 439,Serviços de Auditoria,2824.44,13/01/2024
Exemplo de formação e desenvolvimento - Item 440,Formação e Desenvolvimento,1452.33,14/12/2023
Exemplo de serviços de consultoria - Item 441,Serviços de Consultoria,2675.07,28/04/2024
Exemplo de serviços de marketing - Item 442,Serviços de Marketing,1444.37,11/01/2024
Exemplo de serviços de contabilidade - Item 443,Serviços de Contabilidade,223.38,11/05/2024
Exemplo de seguros - Item 444,Seguros,2731.69,13/06/2024
Exemplo de despesas de transporte e logística - Item 445,Despesas de Transporte e Logística,427.65,27/12/2023
Exemplo de serviços de consultoria - Item 446,Serviços de Consultoria,2130.67,02/07/2024
Exemplo de despesas de transporte e logística - Item 447,Despesas de Transporte e Logística,9152.7,25/02/2024
Exemplo de energia e utilidades - Item 448,Energia e Utilidades,1939.88,22/09/2024
Exemplo de energia e utilidades - Item 449,Energia e Utilidades,5780.95,05/10/2023
Exemplo de despesas de transporte e logística - Item 450,Despesas de Transporte e Logística,5321.21,17/09/2024
Exemplo de despesas de transporte e logística - Item 451,Despesas de Transporte e Logística,9049.76,24/02/2024
Exemplo de material de escritório - Item 452,Material de Escritório,1109.73,05/02/2024
Exemplo de serviços de consultoria - Item 453,Serviços de Consultoria,1050.96,12/07/2024
Exemplo de material de escritório - Item 454,Material de Escritório,7034.02,22/01/2024
Exemplo de serviços jurídicos - Item 455,Serviços Jurídicos,3463.44,11/01/2024
Exemplo de serviços de contabilidade - Item 456,Serviços de Contabilidade,6607.55,26/07/2024
Exemplo de seguros - Item 457,Seguros,8738.78,10/11/2023
Exemplo de serviços jurídicos - Item 458,Serviços Jurídicos,4995.78,01/06/2024
Exemplo de energia e utilidades - Item 459,Energia e Utilidades,9287.12,17/02/2024
Exemplo de formação e desenvolvimento - Item 460,Formação e Desenvolvimento,1425.15,21/10/2023
Exemplo de serviços de manutenção - Item 461,Serviços de Manutenção,1511.49,25/07/2024
Exemplo de serviços de contabilidade - Item 462,Serviços de Contabilidade,1875.48,31/07/2024
Exemplo de serviços de auditoria - Item 463,Serviços de Auditoria,2945.13,17/08/2024
Exemplo de formação e desenvolvimento - Item 464,Formação e Desenvolvimento,8166.46,22/04/2024
Exemplo de equipamentos informáticos - Item 465,Equipamentos Informáticos,6050.49,12/04/2024
Exemplo de serviços de manutenção - Item 466,Serviços de Manutenção,1099.0,08/04/2024
Exemplo de serviços jurídicos - Item 467,Serviços Jurídicos,4275.58,28/10/2023
Exemplo de seguros - Item 468,Seguros,6348.91,30/10/2023
Exemplo de serviços de manutenção - Item 469,Serviços de Manutenção,8296.77,17/01/2024
Exemplo de energia e utilidades - Item 470,Energia e Utilidades,8357.11,17/12/2023
Exemplo de despesas de transporte e logística - Item 471,Despesas de Transporte e Logística,191.05,25/11/2023
Exemplo de despesas de transporte e logística - Item 472,Despesas de Transporte e Logística,2068.68,16/05/2024
Exemplo de energia e utilidades - Item 473,Energia e Utilidades,9284.82,25/06/2024
Exemplo de serviços de marketing - Item 474,Serviços de Marketing,9858.06,31/05/2024
Exemplo de seguros - Item 475,Seguros,3771.24,13/07/2024
Exemplo de serviços de consultoria - Item 476,Serviços de Consultoria,5034.1,27/09/2024
Exemplo de serviços de consultoria - Item 477,Serviços de Consultoria,2291.36,12/01/2024
Exemplo de serviços jurídicos - Item 478,Serviços Jurídicos,8936.43,14/07/2024
Exemplo de serviços de manutenção - Item 479,Serviços de Manutenção,6291.78,24/04/2024
Exemplo de serviços de manutenção - Item 480,Serviços de Manutenção,3195.8,04/11/2023
Exemplo de serviços de auditoria - Item 481,Serviços de Auditoria,6949.69,22/06/2024
Exemplo de serviços de contabilidade - Item 482,Serviços de Contabilidade,9994.82,24/09/2024
Exemplo de serviços de auditoria - Item 483,Serviços de Auditoria,4163.86,21/11/2023
Exemplo de despesas de transporte e logística - Item 484,Despesas de Transporte e Logística,435.49,10/09/2024
Exemplo de serviços de contabilidade - Item 485,Serviços de Contabilidade,1271.37,16/06/2024
Exemplo de telecomunicações - Item 486,Telecomunicações,8282.98,02/12/2023
Exemplo de seguros - Item 487,Seguros,6401.39,29/05/2024
Exemplo de serviços de contabilidade - Item 488,Serviços de Contabilidade,7711.34,01/11/2023
Exemplo de serviços jurídicos - Item 489,Serviços Jurídicos,8890.22,20/04/2024
Exemplo de formação e desenvolvimento - Item 490,Formação e Desenvolvimento,7370.77,17/06/2024
Exemplo de serviços de auditoria - Item 491,Serviços de Auditoria,5565.88,13/05/2024
Exemplo de formação e desenvolvimento - Item 492,Formação e Desenvolvimento,5201.53,11/11/2023
Exemplo de seguros - Item 493,Seguros,2978.93,30/08/2024
Exemplo de formação e desenvolvimento - Item 494,Formação e Desenvolvimento,5433.98,19/08/2024
Exemplo de energia e utilidades - Item 495,Energia e Utilidades,9900.33,23/12/2023
Exemplo de serviços jurídicos - Item 496,Serviços Jurídicos,1344.8,22/01/2024
Exemplo de serviços jurídicos - Item 497,Serviços Jurídicos,4226.64,07/10/2023
Exemplo de serviços de marketing - Item 498,Serviços de Marketing,719.38,26/08/2024
Exemplo de telecomunicações - Item 499,Telecomunicações,4259.76,30/11/2023
Exemplo de equipamentos informáticos - Item 500,Equipamentos Informáticos,320.54,30/04/2024
Exemplo de serviços de manutenção - Item 501,Serviços de Manutenção,6636.17,15/02/2024
Exemplo de equipamentos informáticos - Item 502,Equipamentos Informáticos,6471.58,25/06/2024
Exemplo de serviços de contabilidade - Item 503,Serviços de Contabilidade,1289.11,13/12/2023
Exemplo de serviços jurídicos - Item 504,Serviços Jurídicos,6388.03,11/10/2023
Exemplo de despesas de transporte e logística - Item 505,Despesas de Transporte e Logística,6432.9,16/11/2023
Exemplo de serviços de marketing - Item 506,Serviços de Marketing,5659.83,26/07/2024
Exemplo de material de escritório - Item 507,Material de Escritório,8237.69,11/12/2023
Exemplo de serviços de consultoria - Item 508,Serviços de Consultoria,1061.35,22/07/2024
Exemplo de mobiliário e equipamento de escritório - Item 509,Mobiliário e Equipamento de Escritório,7005.01,15/09/2024
Exemplo de serviços de manutenção - Item 510,Serviços de Manutenção,9399.26,15/09/2024
Exemplo de seguros - Item 511,Seguros,6454.61,06/04/2024
Exemplo de serviços de contabilidade - Item 512,Serviços de Contabilidade,7829.0,09/02/2024
Exemplo de formação e desenvolvimento - Item 513,Formação e Desenvolvimento,7197.03,08/11/2023
Exemplo de serviços de consultoria - Item 514,Serviços de Consultoria,1696.36,24/11/2023
Exemplo de energia e utilidades - Item 515,Energia e Utilidades,3795.82,29/01/2024
Exemplo de material de escritório - Item 516,Material de Escritório,3205.94,06/07/2024
Exemplo de material de escritório - Item 517,Material de Escritório,5502.88,02/01/2024
Exemplo de serviços de consultoria - Item 518,Serviços de Consultoria,2217.97,16/01/2024
Exemplo de telecomunicações - Item 519,Telecomunicações,8529.05,09/08/2024
Exemplo de despesas de transporte e logística - Item 520,Despesas de Transporte e Logística,5693.09,08/04/2024
Exemplo de energia e utilidades - Item 521,Energia e Utilidades,1685.5,30/05/2024
Exemplo de despesas de transporte e logística - Item 522,Despesas de Transporte e Logística,538.89,10/03/2024
Exemplo de energia e utilidades - Item 523,Energia e Utilidades,2488.56,09/02/2024
Exemplo de telecomunicações - Item 524,Telecomunicações,8621.13,13/11/2023
Exemplo de equipamentos informáticos - Item 525,Equipamentos Informáticos,9779.47,24/04/2024
Exemplo de serviços de consultoria - Item 526,Serviços de Consultoria,8586.2,27/05/2024
Exemplo de equipamentos informáticos - Item 527,Equipamentos Informáticos,875.1,17/02/2024
Exemplo de formação e desenvolvimento - Item 528,Formação e Desenvolvimento,6948.07,11/11/2023
Exemplo de serviços jurídicos - Item 529,Serviços Jurídicos,6042.49,24/02/2024
Exemplo de mobiliário e equipamento de escritório - Item 530,Mobiliário e Equipamento de Escritório,9754.82,29/08/2024
Exemplo de licenciamento de software - Item 531,Licenciamento de Software,8995.8,30/04/2024
Exemplo de equipamentos informáticos - Item 532,Equipamentos Informáticos,7255.71,08/07/2024
Exemplo de serviços de marketing - Item 533,Serviços de Marketing,6333.95,27/05/2024
Exemplo de licenciamento de software - Item 534,Licenciamento de Software,430.68,31/07/2024
Exemplo de serviços de consultoria - Item 535,Serviços de Consultoria,5748.62,24/01/2024
Exemplo de material de escritório - Item 536,Material de Escritório,5267.48,03/06/2024
Exemplo de seguros - Item 537,Seguros,4914.92,22/04/2024
Exemplo de formação e desenvolvimento - Item 538,Formação e Desenvolvimento,9510.48,05/09/2024
Exemplo de seguros - Item 539,Seguros,2084.12,19/02/2024
Exemplo de material de escritório - Item 540,Material de Escritório,2240.04,06/11/2023
Exemplo de serviços de contabilidade - Item 541,Serviços de Contabilidade,9767.63,23/12/2023
Exemplo de serviços de marketing - Item 542,Serviços de Marketing,8479.13,06/12/2023
Exemplo de licenciamento de software - Item 543,Licenciamento de Software,1078.29,19/02/2024
Exemplo de equipamentos informáticos - Item 544,Equipamentos Informáticos,4844.94,03/11/2023
Exemplo de serviços de manutenção - Item 545,Serviços de Manutenção,7581.55,01/02/2024
Exemplo de mobiliário e equipamento de escritório - Item 546,Mobiliário e Equipamento de Escritório,8940.59,13/01/2024
Exemplo de serviços de contabilidade - Item 547,Serviços de Contabilidade,3295.99,04/01/2024
Exemplo de serviços de marketing - Item 548,Serviços de Marketing,7855.82,10/09/2024
Exemplo de serviços de manutenção - Item 549,Serviços de Manutenção,3467.63,09/10/2023
Exemplo de serviços de consultoria - Item 550,Serviços de Consultoria,7237.46,16/04/2024
Exemplo de serviços de consultoria - Item 551,Serviços de Consultoria,9281.49,14/08/2024
Exemplo de material de escritório - Item 552,Material de Escritório,6308.06,01/10/2024
Exemplo de material de escritório - Item 553,Material de Escritório,2982.56,20/04/2024
Exemplo de energia e utilidades - Item 554,Energia e Utilidades,7564.41,13/12/2023
Exemplo de serviços de consultoria - Item 555,Serviços de Consultoria,7710.13,15/12/2023
Exemplo de serviços de contabilidade - Item 556,Serviços de Contabilidade,6933.41,28/04/2024
Exemplo de despesas de transporte e logística - Item 557,Despesas de Transporte e Logística,5844.4,27/03/2024
Exemplo de serviços de contabilidade - Item 558,Serviços de Contabilidade,9142.5,17/01/2024
Exemplo de serviços de consultoria - Item 559,Serviços de Consultoria,4477.4,01/05/2024
Exemplo de serviços de manutenção - Item 560,Serviços de Manutenção,7590.35,30/07/2024
Exemplo de energia e utilidades - Item 561,Energia e Utilidades,6794.71,13/05/2024
Exemplo de formação e desenvolvimento - Item 562,Formação e Desenvolvimento,2366.97,26/03/2024
Exemplo de energia e utilidades - Item 563,Energia e Utilidades,4081.15,19/10/2023
Exemplo de seguros - Item 564,Seguros,7409.66,28/02/2024
Exemplo de serviços de manutenção - Item 565,Serviços de Manutenção,1485.12,19/10/2023
Exemplo de material de escritório - Item 566,Material de Escritório,9904.92,11/03/2024
Exemplo de mobiliário e equipamento de escritório - Item 567,Mobiliário e Equipamento de Escritório,1423.99,22/04/2024
Exemplo de despesas de transporte e logística - Item 568,Despesas de Transporte e Logística,585.59,30/11/2023
Exemplo de serviços de marketing - Item 569,Serviços de Marketing,3735.27,11/09/2024
Exemplo de formação e desenvolvimento - Item 570,Formação e Desenvolvimento,7827.69,07/12/2023
Exemplo de mobiliário e equipamento de escritório - Item 571,Mobiliário e Equipamento de Escritório,6520.22,02/10/2024
Exemplo de despesas de transporte e logística - Item 572,Despesas de Transporte e Logística,4038.05,29/03/2024
Exemplo de material de escritório - Item 573,Material de Escritório,2382.18,09/04/2024
Exemplo de serviços de contabilidade - Item 574,Serviços de Contabilidade,4120.37,06/07/2024
Exemplo de equipamentos informáticos - Item 575,Equipamentos Informáticos,6931.04,18/11/2023
Exemplo de serviços de marketing - Item 576,Serviços de Marketing,9572.08,02/03/2024
Exemplo de formação e desenvolvimento - Item 577,Formação e Desenvolvimento,2360.8,21/03/2024
Exemplo de material de escritório - Item 578,Material de Escritório,4610.29,20/10/2023
Exemplo de seguros - Item 579,Seguros,8072.59,17/11/2023
Exemplo de serviços jurídicos - Item 580,Serviços Jurídicos,6908.39,17/03/2024
Exemplo de material de escritório - Item 581,Material de Escritório,8344.76,19/07/2024
Exemplo de serviços de auditoria - Item 582,Serviços de Auditoria,6464.22,26/04/2024
Exemplo de serviços de manutenção - Item 583,Serviços de Manutenção,1197.29,20/01/2024
Exemplo de telecomunicações - Item 584,Telecomunicações,4059.29,31/07/2024
Exemplo de formação e desenvolvimento - Item 585,Formação e Desenvolvimento,8550.04,07/11/2023
Exemplo de serviços de auditoria - Item 586,Serviços de Auditoria,4756.09,08/07/2024
Exemplo de despesas de transporte e logística - Item 587,Despesas de Transporte e Logística,6781.04,05/10/2023
Exemplo de serviços de consultoria - Item 588,Serviços de Consultoria,3599.8,19/04/2024
Exemplo de equipamentos informáticos - Item 589,Equipamentos Informáticos,5732.09,22/07/2024
Exemplo de serviços de marketing - Item 590,Serviços de Marketing,7381.94,18/06/2024
Exemplo de material de escritório - Item 591,Material de Escritório,1300.65,22/08/2024
Exemplo de serviços de contabilidade - Item 592,Serviços de Contabilidade,199.32,09/06/2024
Exemplo de equipamentos informáticos - Item 593,Equipamentos Informáticos,3889.09,16/06/2024
Exemplo de equipamentos informáticos - Item 594,Equipamentos Informáticos,6650.47,27/11/2023
Exemplo de formação e desenvolvimento - Item 595,Formação e Desenvolvimento,523.36,30/04/2024
Exemplo de serviços jurídicos - Item 596,Serviços Jurídicos,9464.65,13/09/2024
Exemplo de mobiliário e equipamento de escritório - Item 597,Mobiliário e Equipamento de Escritório,2986.96,16/11/2023
Exemplo de telecomunicações - Item 598,Telecomunicações,966.54,04/10/2024
Exemplo de mobiliário e equipamento de escritório - Item 599,Mobiliário e Equipamento de Escritório,8801.93,05/04/2024
Exemplo de licenciamento de software - Item 600,Licenciamento de Software,8055.11,12/05/2024
Exemplo de serviços jurídicos - Item 601,Serviços Jurídicos,2577.61,08/10/2023
Exemplo de serviços jurídicos - Item 602,Serviços Jurídicos,2747.25,26/04/2024
Exemplo de serviços de manutenção - Item 603,Serviços de Manutenção,9023.02,29/10/2023
Exemplo de despesas de transporte e logística - Item 604,Despesas de Transporte e Logística,2302.75,12/04/2024
Exemplo de licenciamento de software - Item 605,Licenciamento de Software,9974.77,28/09/2024
Exemplo de serviços de consultoria - Item 606,Serviços de Consultoria,5498.1,12/01/2024
Exemplo de equipamentos informáticos - Item 607,Equipamentos Informáticos,4462.31,29/01/2024
Exemplo de serviços de manutenção - Item 608,Serviços de Manutenção,4378.2,20/09/2024
Exemplo de licenciamento de software - Item 609,Licenciamento de Software,8054.2,11/01/2024
Exemplo de telecomunicações - Item 610,Telecomunicações,8796.08,06/08/2024
Exemplo de despesas de transporte e logística - Item 611,Despesas de Transporte e Logística,5658.52,22/11/2023
Exemplo de energia e utilidades - Item 612,Energia e Utilidades,6225.04,12/08/2024
Exemplo de serviços jurídicos - Item 613,Serviços Jurídicos,2737.82,30/03/2024
Exemplo de serviços de contabilidade - Item 614,Serviços de Contabilidade,3807.6,11/04/2024
Exemplo de formação e desenvolvimento - Item 615,Formação e Desenvolvimento,6819.87,02/06/2024
Exemplo de mobiliário e equipamento de escritório - Item 616,Mobiliário e Equipamento de Escritório,1017.81,25/11/2023
Exemplo de formação e desenvolvimento - Item 617,Formação e Desenvolvimento,8746.49,28/02/2024
Exemplo de serviços de contabilidade - Item 618,Serviços de Contabilidade,6161.34,03/12/2023
Exemplo de telecomunicações - Item 619,Telecomunicações,6164.78,19/06/2024
Exemplo de serviços de contabilidade - Item 620,Serviços de Contabilidade,3637.6,31/10/2023
Exemplo de despesas de transporte e logística - Item 621,Despesas de Transporte e Logística,4395.89,29/07/2024
Exemplo de energia e utilidades - Item 622,Energia e Utilidades,9800.0,16/06/2024
Exemplo de mobiliário e equipamento de escritório - Item 623,Mobiliário e Equipamento de Escritório,6317.34,26/02/2024
Exemplo de serviços jurídicos - Item 624,Serviços Jurídicos,4757.93,16/07/2024
Exemplo de serviços de contabilidade - Item 625,Serviços de Contabilidade,4043.8,09/05/2024
Exemplo de licenciamento de software - Item 626,Licenciamento de Software,5773.36,23/07/2024
Exemplo de serviços jurídicos - Item 627,Serviços Jurídicos,5751.77,02/07/2024
Exemplo de serviços de consultoria - Item 628,Serviços de Consultoria,8289.61,06/04/2024
Exemplo de formação e desenvolvimento - Item 629,Formação e Desenvolvimento,9511.89,19/12/2023
Exemplo de despesas de transporte e logística - Item 630,Despesas de Transporte e Logística,8311.91,24/06/2024
Exemplo de telecomunicações - Item 631,Telecomunicações,3428.48,13/09/2024
Exemplo de serviços de contabilidade - Item 632,Serviços de Contabilidade,9176.14,14/01/2024
Exemplo de telecomunicações - Item 633,Telecomunicações,7541.76,08/09/2024
Exemplo de energia e utilidades - Item 634,Energia e Utilidades,5020.06,19/01/2024
Exemplo de serviços de consultoria - Item 635,Serviços de Consultoria,2707.64,15/08/2024
Exemplo de energia e utilidades - Item 636,Energia e Utilidades,4314.71,16/01/2024
Exemplo de equipamentos informáticos - Item 637,Equipamentos Informáticos,3718.78,31/12/2023
Exemplo de equipamentos informáticos - Item 638,Equipamentos Informáticos,4584.58,17/07/2024
Exemplo de mobiliário e equipamento de escritório - Item 639,Mobiliário e Equipamento de Escritório,4298.9,11/03/2024
Exemplo de seguros - Item 640,Seguros,8840.21,11/01/2024
Exemplo de serviços jurídicos - Item 641,Serviços Jurídicos,405.65,23/10/2023
Exemplo de energia e utilidades - Item 642,Energia e Utilidades,1128.12,06/09/2024
Exemplo de serviços de manutenção - Item 643,Serviços de Manutenção,3357.06,10/11/2023
Exemplo de serviços de auditoria - Item 644,Serviços de Auditoria,1915.67,27/07/2024
Exemplo de despesas de transporte e logística - Item 645,Despesas de Transporte e Logística,3937.16,07/01/2024
Exemplo de serviços de contabilidade - Item 646,Serviços de Contabilidade,3338.47,27/02/2024
Exemplo de serviços de auditoria - Item 647,Serviços de Auditoria,9054.0,22/06/2024
Exemplo de serviços de manutenção - Item 648,Serviços de Manutenção,4960.25,18/01/2024
Exemplo de equipamentos informáticos - Item 649,Equipamentos Informáticos,486.13,24/08/2024
Exemplo de serviços de consultoria - Item 650,Serviços de Consultoria,4980.88,02/07/2024
Exemplo de licenciamento de software - Item 651,Licenciamento de Software,7764.61,14/05/2024
Exemplo de material de escritório - Item 652,Material de Escritório,6282.13,02/04/2024
Exemplo de formação e desenvolvimento - Item 653,Formação e Desenvolvimento,4483.59,04/07/2024
Exemplo de material de escritório - Item 654,Material de Escritório,3999.72,19/04/2024
Exemplo de formação e desenvolvimento - Item 655,Formação e Desenvolvimento,9622.62,21/07/2024
Exemplo de serviços jurídicos - Item 656,Serviços Jurídicos,3215.36,04/05/2024
Exemplo de serviços jurídicos - Item 657,Serviços Jurídicos,1291.4,04/04/2024
Exemplo de serviços de consultoria - Item 658,Serviços de Consultoria,8911.64,14/06/2024
Exemplo de serviços de marketing - Item 659,Serviços de Marketing,8813.66,05/05/2024
Exemplo de serviços de marketing - Item 660,Serviços de Marketing,1724.87,22/01/2024
Exemplo de serviços jurídicos - Item 661,Serviços Jurídicos,7656.35,08/09/2024
Exemplo de seguros - Item 662,Seguros,2463.69,01/03/2024
Exemplo de serviços de contabilidade - Item 663,Serviços de Contabilidade,5409.32,06/05/2024
Exemplo de despesas de transporte e logística - Item 664,Despesas de Transporte e Logística,801.97,22/04/2024
Exemplo de telecomunicações - Item 665,Telecomunicações,4815.39,31/01/2024
Exemplo de equipamentos informáticos - Item 666,Equipamentos Informáticos,8436.17,30/10/2023
Exemplo de equipamentos informáticos - Item 667,Equipamentos Informáticos,4648.11,04/10/2024
Exemplo de mobiliário e equipamento de escritório - Item 668,Mobiliário e Equipamento de Escritório,5414.92,17/03/2024
Exemplo de material de escritório - Item 669,Material de Escritório,6832.43,24/06/2024
Exemplo de serviços de auditoria - Item 670,Serviços de Auditoria,8141.29,18/06/2024
Exemplo de serviços de contabilidade - Item 671,Serviços de Contabilidade,8463.09,02/05/2024
Exemplo de serviços de consultoria - Item 672,Serviços de Consultoria,6503.25,21/12/2023
Exemplo de serviços de contabilidade - Item 673,Serviços de Contabilidade,6311.21,27/11/2023
Exemplo de equipamentos informáticos - Item 674,Equipamentos Informáticos,6926.38,24/09/2024
Exemplo de seguros - Item 675,Seguros,3306.66,25/05/2024
Exemplo de despesas de transporte e logística - Item 676,Despesas de Transporte e Logística,9002.04,01/07/2024
Exemplo de equipamentos informáticos - Item 677,Equipamentos Informáticos,316.48,01/06/2024
Exemplo de despesas de transporte e logística - Item 678,Despesas de Transporte e Logística,9515.27,11/04/2024
Exemplo de telecomunicações - Item 679,Telecomunicações,3148.11,25/11/2023
Exemplo de serviços de auditoria - Item 680,Serviços de Auditoria,1197.32,22/07/2024
Exemplo de seguros - Item 681,Seguros,4571.81,31/01/2024
Exemplo de equipamentos informáticos - Item 682,Equipamentos Informáticos,5153.39,03/05/2024
Exemplo de serviços de manutenção - Item 683,Serviços de Manutenção,6603.91,13/07/2024
Exemplo de seguros - Item 684,Seguros,2620.95,07/10/2023
Exemplo de serviços de auditoria - Item 685,Serviços de Auditoria,5013.8,16/04/2024
Exemplo de formação e desenvolvimento - Item 686,Formação e Desenvolvimento,383.05,27/12/2023
Exemplo de serviços de contabilidade - Item 687,Serviços de Contabilidade,8579.35,08/07/2024
Exemplo de serviços de auditoria - Item 688,Serviços de Auditoria,6891.25,19/03/2024
Exemplo de formação e desenvolvimento - Item 689,Formação e Desenvolvimento,8258.48,10/09/2024
Exemplo de serviços de consultoria - Item 690,Serviços de Consultoria,389.02,25/05/2024
Exemplo de despesas de transporte e logística - Item 691,Despesas de Transporte e Logística,5885.91,18/01/2024
Exemplo de despesas de transporte e logística - Item 692,Despesas de Transporte e Logística,267.08,23/10/2023
Exemplo de seguros - Item 693,Seguros,9018.84,19/01/2024
Exemplo de despesas de transporte e logística - Item 694,Despesas de Transporte e Logística,8656.11,26/04/2024
Exemplo de seguros - Item 695,Seguros,2450.66,18/06/2024
Exemplo de mobiliário e equipamento de escritório - Item 696,Mobiliário e Equipamento de Escritório,4416.45,08/04/2024
Exemplo de formação e desenvolvimento - Item 697,Formação e Desenvolvimento,3221.16,25/01/2024
Exemplo de serviços de marketing - Item 698,Serviços de Marketing,4049.97,26/05/2024
Exemplo de serviços de contabilidade - Item 699,Serviços de Contabilidade,7176.03,30/04/2024
Exemplo de serviços de contabilidade - Item 700,Serviços de Contabilidade,8665.56,12/08/2024
Exemplo de mobiliário e equipamento de escritório - Item 701,Mobiliário e Equipamento de Escritório,120.25,17/11/2023
Exemplo de formação e desenvolvimento - Item 702,Formação e Desenvolvimento,2759.68,25/06/2024
Exemplo de serviços de marketing - Item 703,Serviços de Marketing,9825.1,05/08/2024
Exemplo de equipamentos informáticos - Item 704,Equipamentos Informáticos,2828.82,22/11/2023
Exemplo de formação e desenvolvimento - Item 705,Formação e Desenvolvimento,4262.73,29/10/2023
Exemplo de serviços jurídicos - Item 706,Serviços Jurídicos,7210.51,24/08/2024
Exemplo de serviços de auditoria - Item 707,Serviços de Auditoria,9233.05,31/01/2024
Exemplo de serviços de consultoria - Item 708,Serviços de Consultoria,5264.43,09/04/2024
Exemplo de equipamentos informáticos - Item 709,Equipamentos Informáticos,6146.3,14/04/2024
Exemplo de despesas de transporte e logística - Item 710,Despesas de Transporte e Logística,5418.87,17/10/2023
Exemplo de serviços de contabilidade - Item 711,Serviços de Contabilidade,4848.62,15/04/2024
Exemplo de formação e desenvolvimento - Item 712,Formação e Desenvolvimento,528.9,24/08/2024
Exemplo de serviços de consultoria - Item 713,Serviços de Consultoria,9983.69,21/07/2024
Exemplo de licenciamento de software - Item 714,Licenciamento de Software,7001.94,19/05/2024
Exemplo de material de escritório - Item 715,Material de Escritório,8411.59,16/09/2024
Exemplo de serviços de manutenção - Item 716,Serviços de Manutenção,6383.76,21/08/2024
Exemplo de serviços de contabilidade - Item 717,Serviços de Contabilidade,8528.68,07/03/2024
Exemplo de equipamentos informáticos - Item 718,Equipamentos Informáticos,9742.37,22/08/2024
Exemplo de seguros - Item 719,Seguros,9884.56,25/10/2023
Exemplo de mobiliário e equipamento de escritório - Item 720,Mobiliário e Equipamento de Escritório,7023.77,04/03/2024
Exemplo de serviços de marketing - Item 721,Serviços de Marketing,1056.82,25/01/2024
Exemplo de serviços de marketing - Item 722,Serviços de Marketing,7235.09,08/12/2023
Exemplo de serviços de contabilidade - Item 723,Serviços de Contabilidade,8201.9,20/05/2024
Exemplo de licenciamento de software - Item 724,Licenciamento de Software,7776.59,24/10/2023
Exemplo de despesas de transporte e logística - Item 725,Despesas de Transporte e Logística,4926.16,18/07/2024
Exemplo de serviços de manutenção - Item 726,Serviços de Manutenção,6375.46,15/04/2024
Exemplo de material de escritório - Item 727,Material de Escritório,1260.66,14/02/2024
Exemplo de equipamentos informáticos - Item 728,Equipamentos Informáticos,2005.17,17/01/2024
Exemplo de serviços de consultoria - Item 729,Serviços de Consultoria,2745.84,04/12/2023
Exemplo de energia e utilidades - Item 730,Energia e Utilidades,9297.73,06/04/2024
Exemplo de formação e desenvolvimento - Item 731,Formação e Desenvolvimento,4117.36,22/08/2024
Exemplo de despesas de transporte e logística - Item 732,Despesas de Transporte e Logística,8713.09,30/11/2023
Exemplo de equipamentos informáticos - Item 733,Equipamentos Informáticos,354.28,12/04/2024
Exemplo de despesas de transporte e logística - Item 734,Despesas de Transporte e Logística,9960.9,26/04/2024
Exemplo de licenciamento de software - Item 735,Licenciamento de Software,6541.28,15/12/2023
Exemplo de serviços de auditoria - Item 736,Serviços de Auditoria,9675.31,11/10/2023
Exemplo de telecomunicações - Item 737,Telecomunicações,5598.92,13/03/2024
Exemplo de seguros - Item 738,Seguros,3106.86,17/07/2024
Exemplo de energia e utilidades - Item 739,Energia e Utilidades,570.54,25/05/2024
Exemplo de equipamentos informáticos - Item 740,Equipamentos Informáticos,6518.11,10/07/2024
Exemplo de serviços de contabilidade - Item 741,Serviços de Contabilidade,7020.6,01/06/2024
Exemplo de despesas de transporte e logística - Item 742,Despesas de Transporte e Logística,9130.27,20/04/2024
Exemplo de despesas de transporte e logística - Item 743,Despesas de Transporte e Logística,2218.33,28/02/2024
Exemplo de equipamentos informáticos - Item 744,Equipamentos Informáticos,3581.58,12/08/2024
Exemplo de serviços de consultoria - Item 745,Serviços de Consultoria,8789.68,16/03/2024
Exemplo de seguros - Item 746,Seguros,1821.41,20/12/2023
Exemplo de serviços de consultoria - Item 747,Serviços de Consultoria,9212.71,28/05/2024
Exemplo de serviços de marketing - Item 748,Serviços de Marketing,7127.02,09/10/2023
Exemplo de seguros - Item 749,Seguros,2759.9,21/07/2024
Exemplo de mobiliário e equipamento de escritório - Item 750,Mobiliário e Equipamento de Escritório,5295.08,17/01/2024
Exemplo de serviços de contabilidade - Item 751,Serviços de Contabilidade,2815.45,03/08/2024
Exemplo de serviços jurídicos - Item 752,Serviços Jurídicos,1085.18,07/11/2023
Exemplo de licenciamento de software - Item 753,Licenciamento de Software,896.49,15/09/2024
Exemplo de seguros - Item 754,Seguros,5748.98,07/01/2024
Exemplo de mobiliário e equipamento de escritório - Item 755,Mobiliário e Equipamento de Escritório,927.04,17/04/2024
Exemplo de serviços de auditoria - Item 756,Serviços de Auditoria,2403.09,08/12/2023
Exemplo de formação e desenvolvimento - Item 757,Formação e Desenvolvimento,3886.81,29/06/2024
Exemplo de serviços de marketing - Item 758,Serviços de Marketing,157.17,17/11/2023
Exemplo de serviços de contabilidade - Item 759,Serviços de Contabilidade,9689.13,02/05/2024
Exemplo de material de escritório - Item 760,Material de Escritório,3949.78,12/04/2024
Exemplo de equipamentos informáticos - Item 761,Equipamentos Informáticos,8136.1,21/04/2024
Exemplo de serviços de marketing - Item 762,Serviços de Marketing,7969.86,20/04/2024
Exemplo de serviços de consultoria - Item 763,Serviços de Consultoria,4526.6,29/10/2023
Exemplo de despesas de transporte e logística - Item 764,Despesas de Transporte e Logística,6583.44,29/03/2024
Exemplo de serviços de marketing - Item 765,Serviços de Marketing,7310.07,22/09/2024
Exemplo de formação e desenvolvimento - Item 766,Formação e Desenvolvimento,2886.59,01/07/2024
Exemplo de formação e desenvolvimento - Item 767,Formação e Desenvolvimento,2384.89,20/09/2024
Exemplo de despesas de transporte e logística - Item 768,Despesas de Transporte e Logística,8426.43,03/11/2023
Exemplo de serviços de auditoria - Item 769,Serviços de Auditoria,4109.86,10/01/2024
Exemplo de seguros - Item 770,Seguros,620.35,01/07/2024
Exemplo de material de escritório - Item 771,Material de Escritório,3059.54,28/12/2023
Exemplo de seguros - Item 772,Seguros,668.16,31/03/2024
Exemplo de licenciamento de software - Item 773,Licenciamento de Software,3379.12,23/11/2023
Exemplo de seguros - Item 774,Seguros,699.19,07/09/2024
Exemplo de serviços de marketing - Item 775,Serviços de Marketing,6363.15,07/01/2024
Exemplo de telecomunicações - Item 776,Telecomunicações,5511.1,13/10/2023
Exemplo de equipamentos informáticos - Item 777,Equipamentos Informáticos,145.96,08/04/2024
Exemplo de serviços de contabilidade - Item 778,Serviços de Contabilidade,5116.23,27/02/2024
Exemplo de seguros - Item 779,Seguros,3476.39,14/10/2023
Exemplo de serviços de consultoria - Item 780,Serviços de Consultoria,6401.8,02/04/2024
Exemplo de licenciamento de software - Item 781,Licenciamento de Software,1442.67,29/06/2024
Exemplo de despesas de transporte e logística - Item 782,Despesas de Transporte e Logística,6043.87,23/06/2024
Exemplo de serviços de manutenção - Item 783,Serviços de Manutenção,1883.72,07/08/2024
Exemplo de serviços de contabilidade - Item 784,Serviços de Contabilidade,7107.42,01/12/2023
Exemplo de telecomunicações - Item 785,Telecomunicações,9514.45,27/09/2024
Exemplo de material de escritório - Item 786,Material de Escritório,3791.14,17/11/2023
Exemplo de energia e utilidades - Item 787,Energia e Utilidades,3590.35,15/06/2024
Exemplo de seguros - Item 788,Seguros,8701.48,19/11/2023
Exemplo de despesas de transporte e logística - Item 789,Despesas de Transporte e Logística,7152.31,25/08/2024
Exemplo de serviços de contabilidade - Item 790,Serviços de Contabilidade,5358.32,17/09/2024
Exemplo de mobiliário e equipamento de escritório - Item 791,Mobiliário e Equipamento de Escritório,8682.7,03/02/2024
Exemplo de seguros - Item 792,Seguros,3049.08,21/11/2023
Exemplo de serviços de auditoria - Item 793,Serviços de Auditoria,8839.1,03/06/2024
Exemplo de despesas de transporte e logística - Item 794,Despesas de Transporte e Logística,2312.59,25/11/2023
Exemplo de energia e utilidades - Item 795,Energia e Utilidades,5871.47,17/06/2024
Exemplo de despesas de transporte e logística - Item 796,Despesas de Transporte e Logística,3252.85,25/08/2024
Exemplo de equipamentos informáticos - Item 797,Equipamentos Informáticos,4762.08,12/03/2024
Exemplo de mobiliário e equipamento de escritório - Item 798,Mobiliário e Equipamento de Escritório,9502.84,04/01/2024
Exemplo de serviços de marketing - Item 799,Serviços de Marketing,1686.06,21/01/2024
Exemplo de seguros - Item 800,Seguros,4469.63,18/02/2024
Exemplo de formação e desenvolvimento - Item 801,Formação e Desenvolvimento,122.37,11/05/2024
Exemplo de mobiliário e equipamento de escritório - Item 802,Mobiliário e Equipamento de Escritório,5901.38,04/11/2023
Exemplo de seguros - Item 803,Seguros,2631.81,27/09/2024
Exemplo de serviços de manutenção - Item 804,Serviços de Manutenção,5790.77,04/09/2024
Exemplo de serviços de auditoria - Item 805,Serviços de Auditoria,8407.14,03/08/2024
Exemplo de serviços jurídicos - Item 806,Serviços Jurídicos,3082.71,29/09/2024
Exemplo de serviços de manutenção - Item 807,Serviços de Manutenção,434.21,23/12/2023
Exemplo de formação e desenvolvimento - Item 808,Formação e Desenvolvimento,9888.84,30/09/2024
Exemplo de equipamentos informáticos - Item 809,Equipamentos Informáticos,2632.51,19/09/2024
Exemplo de serviços de manutenção - Item 810,Serviços de Manutenção,6194.92,22/11/2023
Exemplo de seguros - Item 811,Seguros,5535.32,11/08/2024
Exemplo de licenciamento de software - Item 812,Licenciamento de Software,9794.59,10/07/2024
Exemplo de serviços jurídicos - Item 813,Serviços Jurídicos,3413.64,03/11/2023
Exemplo de serviços jurídicos - Item 814,Serviços Jurídicos,884.88,03/04/2024
Exemplo de seguros - Item 815,Seguros,1833.27,19/12/2023
Exemplo de mobiliário e equipamento de escritório - Item 816,Mobiliário e Equipamento de Escritório,1182.29,22/08/2024
Exemplo de formação e desenvolvimento - Item 817,Formação e Desenvolvimento,8299.87,19/03/2024
Exemplo de serviços de manutenção - Item 818,Serviços de Manutenção,8932.34,09/09/2024
Exemplo de equipamentos informáticos - Item 819,Equipamentos Informáticos,5941.53,27/08/2024
Exemplo de telecomunicações - Item 820,Telecomunicações,8666.53,15/12/2023
Exemplo de serviços de contabilidade - Item 821,Serviços de Contabilidade,2314.19,11/11/2023
Exemplo de telecomunicações - Item 822,Telecomunicações,2804.93,23/03/2024
Exemplo de licenciamento de software - Item 823,Licenciamento de Software,7335.01,01/01/2024
Exemplo de serviços de contabilidade - Item 824,Serviços de Contabilidade,5588.73,16/02/2024
Exemplo de seguros - Item 825,Seguros,2002.43,06/06/2024
Exemplo de energia e utilidades - Item 826,Energia e Utilidades,4685.42,06/09/2024
Exemplo de telecomunicações - Item 827,Telecomunicações,779.34,10/09/2024
Exemplo de serviços jurídicos - Item 828,Serviços Jurídicos,4226.63,08/09/2024
Exemplo de serviços de contabilidade - Item 829,Serviços de Contabilidade,969.81,24/06/2024
Exemplo de seguros - Item 830,Seguros,9856.06,21/01/2024
Exemplo de despesas de transporte e logística - Item 831,Despesas de Transporte e Logística,5214.55,29/06/2024
Exemplo de serviços de auditoria - Item 832,Serviços de Auditoria,2550.04,25/08/2024
Exemplo de despesas de transporte e logística - Item 833,Despesas de Transporte e Logística,8392.69,04/10/2024
Exemplo de serviços de auditoria - Item 834,Serviços de Auditoria,1009.26,02/04/2024
Exemplo de equipamentos informáticos - Item 835,Equipamentos Informáticos,9574.26,27/10/2023
Exemplo de serviços de consultoria - Item 836,Serviços de Consultoria,2827.13,26/02/2024
Exemplo de serviços de manutenção - Item 837,Serviços de Manutenção,7731.04,13/02/2024
Exemplo de serviços de contabilidade - Item 838,Serviços de Contabilidade,4313.9,27/03/2024
Exemplo de material de escritório - Item 839,Material de Escritório,2094.94,09/07/2024
Exemplo de serviços de marketing - Item 840,Serviços de Marketing,4822.97,28/06/2024
Exemplo de material de escritório - Item 841,Material de Escritório,8812.27,16/02/2024
Exemplo de seguros - Item 842,Seguros,3655.83,12/01/2024
Exemplo de energia e utilidades - Item 843,Energia e Utilidades,8415.05,19/12/2023
Exemplo de telecomunicações - Item 844,Telecomunicações,4279.82,31/07/2024
Exemplo de licenciamento de software - Item 845,Licenciamento de Software,5071.51,23/12/2023
Exemplo de serviços de manutenção - Item 846,Serviços de Manutenção,3899.42,10/05/2024
Exemplo de formação e desenvolvimento - Item 847,Formação e Desenvolvimento,7875.24,08/08/2024
Exemplo de formação e desenvolvimento - Item 848,Formação e Desenvolvimento,2080.96,10/06/2024
Exemplo de despesas de transporte e logística - Item 849,Despesas de Transporte e Logística,2736.06,09/09/2024
Exemplo de serviços de marketing - Item 850,Serviços de Marketing,3372.56,17/12/2023
Exemplo de seguros - Item 851,Seguros,1371.95,03/03/2024
Exemplo de equipamentos informáticos - Item 852,Equipamentos Informáticos,9950.8,26/12/2023
Exemplo de material de escritório - Item 853,Material de Escritório,5495.83,16/10/2023
Exemplo de telecomunicações - Item 854,Telecomunicações,2474.33,11/02/2024
Exemplo de serviços de consultoria - Item 855,Serviços de Consultoria,4471.89,13/01/2024
Exemplo de licenciamento de software - Item 856,Licenciamento de Software,415.83,16/07/2024
Exemplo de energia e utilidades - Item 857,Energia e Utilidades,374.19,22/03/2024
Exemplo de seguros - Item 858,Seguros,4271.9,07/10/2023
Exemplo de mobiliário e equipamento de escritório - Item 859,Mobiliário e Equipamento de Escritório,6455.12,27/12/2023
Exemplo de telecomunicações - Item 860,Telecomunicações,1392.43,15/04/2024
Exemplo de equipamentos informáticos - Item 861,Equipamentos Informáticos,969.66,11/11/2023
Exemplo de licenciamento de software - Item 862,Licenciamento de Software,2554.3,07/09/2024
Exemplo de serviços de auditoria - Item 863,Serviços de Auditoria,7081.59,07/03/2024
Exemplo de telecomunicações - Item 864,Telecomunicações,2259.99,10/10/2023
Exemplo de material de escritório - Item 865,Material de Escritório,2809.36,18/05/2024
Exemplo de despesas de transporte e logística - Item 866,Despesas de Transporte e Logística,6804.93,13/04/2024
Exemplo de telecomunicações - Item 867,Telecomunicações,1843.21,12/08/2024
Exemplo de serviços de marketing - Item 868,Serviços de Marketing,4990.73,19/02/2024
Exemplo de material de escritório - Item 869,Material de Escritório,2158.7,15/01/2024
Exemplo de equipamentos informáticos - Item 870,Equipamentos Informáticos,2661.34,11/11/2023
Exemplo de serviços de marketing - Item 871,Serviços de Marketing,4560.43,14/02/2024
Exemplo de telecomunicações - Item 872,Telecomunicações,5070.51,07/10/2023
Exemplo de telecomunicações - Item 873,Telecomunicações,8455.17,16/07/2024
Exemplo de material de escritório - Item 874,Material de Escritório,5298.18,11/03/2024
Exemplo de energia e utilidades - Item 875,Energia e Utilidades,6988.38,02/01/2024
Exemplo de serviços jurídicos - Item 876,Serviços Jurídicos,4943.38,06/02/2024
Exemplo de serviços de auditoria - Item 877,Serviços de Auditoria,4298.22,03/02/2024
Exemplo de formação e desenvolvimento - Item 878,Formação e Desenvolvimento,5188.69,24/04/2024
Exemplo de formação e desenvolvimento - Item 879,Formação e Desenvolvimento,2857.66,12/05/2024
Exemplo de formação e desenvolvimento - Item 880,Formação e Desenvolvimento,291.52,21/05/2024
Exemplo de licenciamento de software - Item 881,Licenciamento de Software,2974.05,15/06/2024
Exemplo de energia e utilidades - Item 882,Energia e Utilidades,3499.93,15/02/2024
Exemplo de serviços jurídicos - Item 883,Serviços Jurídicos,3113.68,29/01/2024
Exemplo de material de escritório - Item 884,Material de Escritório,6791.56,05/09/2024
Exemplo de serviços de auditoria - Item 885,Serviços de Auditoria,450.49,02/08/2024
Exemplo de telecomunicações - Item 886,Telecomunicações,498.2,30/05/2024
Exemplo de serviços de consultoria - Item 887,Serviços de Consultoria,6426.21,07/04/2024
Exemplo de seguros - Item 888,Seguros,5165.74,22/04/2024
Exemplo de equipamentos informáticos - Item 889,Equipamentos Informáticos,7990.3,08/12/2023
Exemplo de serviços jurídicos - Item 890,Serviços Jurídicos,9257.72,05/03/2024
Exemplo de serviços de auditoria - Item 891,Serviços de Auditoria,4688.8,11/03/2024
Exemplo de seguros - Item 892,Seguros,5145.46,31/03/2024
Exemplo de despesas de transporte e logística - Item 893,Despesas de Transporte e Logística,8044.35,08/11/2023
Exemplo de formação e desenvolvimento - Item 894,Formação e Desenvolvimento,805.24,06/04/2024
Exemplo de licenciamento de software - Item 895,Licenciamento de Software,4860.07,10/03/2024
Exemplo de serviços de marketing - Item 896,Serviços de Marketing,9852.33,10/04/2024
Exemplo de equipamentos informáticos - Item 897,Equipamentos Informáticos,3857.26,17/12/2023
Exemplo de energia e utilidades - Item 898,Energia e Utilidades,9841.43,19/12/2023
Exemplo de serviços de consultoria - Item 899,Serviços de Consultoria,9279.36,02/12/2023
Exemplo de energia e utilidades - Item 900,Energia e Utilidades,1007.55,02/07/2024
Exemplo de seguros - Item 901,Seguros,3315.37,30/04/2024
Exemplo de serviços de marketing - Item 902,Serviços de Marketing,1345.74,09/04/2024
Exemplo de mobiliário e equipamento de escritório - Item 903,Mobiliário e Equipamento de Escritório,5468.65,03/05/2024
Exemplo de serviços de auditoria - Item 904,Serviços de Auditoria,209.86,12/07/2024
Exemplo de serviços de manutenção - Item 905,Serviços de Manutenção,5381.98,11/04/2024
Exemplo de serviços de marketing - Item 906,Serviços de Marketing,9530.61,22/02/2024
Exemplo de despesas de transporte e logística - Item 907,Despesas de Transporte e Logística,7699.04,18/01/2024
Exemplo de mobiliário e equipamento de escritório - Item 908,Mobiliário e Equipamento de Escritório,5268.11,01/09/2024
Exemplo de serviços jurídicos - Item 909,Serviços Jurídicos,6928.37,17/06/2024
Exemplo de serviços de consultoria - Item 910,Serviços de Consultoria,3486.25,21/01/2024
Exemplo de energia e utilidades - Item 911,Energia e Utilidades,5379.16,06/05/2024
Exemplo de material de escritório - Item 912,Material de Escritório,5683.75,12/11/2023
Exemplo de energia e utilidades - Item 913,Energia e Utilidades,4114.97,21/01/2024
Exemplo de equipamentos informáticos - Item 914,Equipamentos Informáticos,5270.31,31/08/2024
Exemplo de serviços de auditoria - Item 915,Serviços de Auditoria,1399.8,24/12/2023
Exemplo de formação e desenvolvimento - Item 916,Formação e Desenvolvimento,3867.27,01/04/2024
Exemplo de seguros - Item 917,Seguros,2622.46,19/07/2024
Exemplo de despesas de transporte e logística - Item 918,Despesas de Transporte e Logística,9377.82,20/11/2023
Exemplo de serviços jurídicos - Item 919,Serviços Jurídicos,1621.49,10/09/2024
Exemplo de licenciamento de software - Item 920,Licenciamento de Software,1032.39,05/06/2024
Exemplo de equipamentos informáticos - Item 921,Equipamentos Informáticos,6212.61,12/03/2024
Exemplo de serviços de manutenção - Item 922,Serviços de Manutenção,6577.23,04/01/2024
Exemplo de material de escritório - Item 923,Material de Escritório,5467.87,18/10/2023
Exemplo de serviços de manutenção - Item 924,Serviços de Manutenção,9993.67,02/05/2024
Exemplo de telecomunicações - Item 925,Telecomunicações,465.13,07/08/2024
Exemplo de licenciamento de software - Item 926,Licenciamento de Software,8640.46,16/06/2024
Exemplo de serviços jurídicos - Item 927,Serviços Jurídicos,3767.83,08/04/2024
Exemplo de formação e desenvolvimento - Item 928,Formação e Desenvolvimento,3689.97,06/11/2023
Exemplo de telecomunicações - Item 929,Telecomunicações,4883.86,30/07/2024
Exemplo de serviços de contabilidade - Item 930,Serviços de Contabilidade,1291.75,16/11/2023
Exemplo de serviços de contabilidade - Item 931,Serviços de Contabilidade,2022.74,23/02/2024
Exemplo de serviços de auditoria - Item 932,Serviços de Auditoria,7885.09,10/03/2024
Exemplo de telecomunicações - Item 933,Telecomunicações,1715.69,07/02/2024
Exemplo de serviços jurídicos - Item 934,Serviços Jurídicos,9794.72,25/10/2023
Exemplo de mobiliário e equipamento de escritório - Item 935,Mobiliário e Equipamento de Escritório,4167.0,17/06/2024
Exemplo de despesas de transporte e logística - Item 936,Despesas de Transporte e Logística,563.56,07/04/2024
Exemplo de licenciamento de software - Item 937,Licenciamento de Software,5296.32,26/09/2024
Exemplo de formação e desenvolvimento - Item 938,Formação e Desenvolvimento,1812.34,02/01/2024
Exemplo de serviços de auditoria - Item 939,Serviços de Auditoria,8638.84,21/09/2024
Exemplo de licenciamento de software - Item 940,Licenciamento de Software,6952.83,18/05/2024
Exemplo de material de escritório - Item 941,Material de Escritório,744.83,12/08/2024
Exemplo de serviços jurídicos - Item 942,Serviços Jurídicos,7260.82,01/12/2023
Exemplo de serviços de contabilidade - Item 943,Serviços de Contabilidade,6531.75,11/10/2023
Exemplo de licenciamento de software - Item 944,Licenciamento de Software,8965.45,08/01/2024
Exemplo de seguros - Item 945,Seguros,5022.43,24/03/2024
Exemplo de serviços de consultoria - Item 946,Serviços de Consultoria,5155.48,05/08/2024
Exemplo de despesas de transporte e logística - Item 947,Despesas de Transporte e Logística,5947.21,26/06/2024
Exemplo de telecomunicações - Item 948,Telecomunicações,4761.04,27/07/2024
Exemplo de mobiliário e equipamento de escritório - Item 949,Mobiliário e Equipamento de Escritório,4217.97,10/02/2024
Exemplo de serviços jurídicos - Item 950,Serviços Jurídicos,4168.49,04/08/2024
Exemplo de mobiliário e equipamento de escritório - Item 951,Mobiliário e Equipamento de Escritório,2845.42,27/05/2024
Exemplo de telecomunicações - Item 952,Telecomunicações,2956.38,23/01/2024
Exemplo de energia e utilidades - Item 953,Energia e Utilidades,3121.06,30/09/2024
Exemplo de equipamentos informáticos - Item 954,Equipamentos Informáticos,5018.47,19/06/2024
Exemplo de licenciamento de software - Item 955,Licenciamento de Software,7458.98,04/08/2024
Exemplo de serviços de manutenção - Item 956,Serviços de Manutenção,1493.89,03/07/2024
Exemplo de licenciamento de software - Item 957,Licenciamento de Software,3859.59,11/04/2024
Exemplo de serviços de contabilidade - Item 958,Serviços de Contabilidade,4170.86,18/02/2024
Exemplo de energia e utilidades - Item 959,Energia e Utilidades,1608.81,15/09/2024
Exemplo de equipamentos informáticos - Item 960,Equipamentos Informáticos,7189.48,07/11/2023
Exemplo de formação e desenvolvimento - Item 961,Formação e Desenvolvimento,6621.93,26/10/2023
Exemplo de mobiliário e equipamento de escritório - Item 962,Mobiliário e Equipamento de Escritório,5006.65,09/08/2024
Exemplo de serviços de auditoria - Item 963,Serviços de Auditoria,3281.25,06/04/2024
Exemplo de serviços de contabilidade - Item 964,Serviços de Contabilidade,673.73,21/10/2023
Exemplo de telecomunicações - Item 965,Telecomunicações,3002.62,08/04/2024
Exemplo de serviços jurídicos - Item 966,Serviços Jurídicos,9403.2,06/11/2023
Exemplo de serviços de marketing - Item 967,Serviços de Marketing,4792.21,13/05/2024
Exemplo de serviços de auditoria - Item 968,Serviços de Auditoria,2396.53,20/06/2024
Exemplo de energia e utilidades - Item 969,Energia e Utilidades,5483.86,01/05/2024
Exemplo de telecomunicações - Item 970,Telecomunicações,6927.29,12/11/2023
Exemplo de serviços de contabilidade - Item 971,Serviços de Contabilidade,3103.51,30/11/2023
Exemplo de formação e desenvolvimento - Item 972,Formação e Desenvolvimento,940.64,06/03/2024
Exemplo de serviços de consultoria - Item 973,Serviços de Consultoria,2131.9,12/06/2024
Exemplo de serviços de manutenção - Item 974,Serviços de Manutenção,6161.38,29/07/2024
Exemplo de energia e utilidades - Item 975,Energia e Utilidades,2696.76,31/12/2023
Exemplo de serviços de contabilidade - Item 976,Serviços de Contabilidade,5882.17,15/10/2023
Exemplo de serviços de contabilidade - Item 977,Serviços de Contabilidade,8046.02,29/05/2024
Exemplo de licenciamento de software - Item 978,Licenciamento de Software,252.4,29/03/2024
Exemplo de serviços de consultoria - Item 979,Serviços de Consultoria,3825.4,29/06/2024
Exemplo de despesas de transporte e logística - Item 980,Despesas de Transporte e Logística,3403.3,24/04/2024
Exemplo de serviços jurídicos - Item 981,Serviços Jurídicos,1193.33,17/09/2024
Exemplo de serviços de consultoria - Item 982,Serviços de Consultoria,277.38,19/12/2023
Exemplo de mobiliário e equipamento de escritório - Item 983,Mobiliário e Equipamento de Escritório,4385.15,22/10/2023
Exemplo de seguros - Item 984,Seguros,9736.35,09/02/2024
Exemplo de serviços de marketing - Item 985,Serviços de Marketing,8319.61,11/07/2024
Exemplo de serviços de consultoria - Item 986,Serviços de Consultoria,6969.95,03/05/2024
Exemplo de serviços de auditoria - Item 987,Serviços de Auditoria,2038.53,18/07/2024
Exemplo de equipamentos informáticos - Item 988,Equipamentos Informáticos,2166.73,05/11/2023
Exemplo de serviços de contabilidade - Item 989,Serviços de Contabilidade,889.32,12/04/2024
Exemplo de licenciamento de software - Item 990,Licenciamento de Software,8051.25,18/10/2023
Exemplo de serviços de marketing - Item 991,Serviços de Marketing,9415.34,08/05/2024
Exemplo de seguros - Item 992,Seguros,4370.26,31/10/2023
Exemplo de serviços de consultoria - Item 993,Serviços de Consultoria,382.09,13/12/2023
Exemplo de seguros - Item 994,Seguros,4809.48,09/06/2024
Exemplo de equipamentos informáticos - Item 995,Equipamentos Informáticos,8521.86,11/06/2024
Exemplo de telecomunicações - Item 996,Telecomunicações,1509.15,07/08/2024
Exemplo de serviços jurídicos - Item 997,Serviços Jurídicos,7979.3,04/05/2024
Exemplo de serviços de contabilidade - Item 998,Serviços de Contabilidade,4620.4,10/07/2024
Exemplo de serviços jurídicos - Item 999,Serviços Jurídicos,141.03,25/12/2023
Exemplo de seguros - Item 1000,Seguros,1756.03,24/04/2024
